code,time,open,high,low,close,zhangdie,zhangdiefu,chengjian,chengjiane
AU0,2012/5/10,326.37,326.84,325.81,326.4,！！,！！,"45,286","14,779,790,000"
AU0,2012/5/11,326,326.07,323.9,324.16,-2.24,-0.6863,"60,604","19,684,610,000"
AU0,2012/5/14,324.59,324.94,322.58,322.89,-1.27,-0.3918,"53,222","17,232,130,000"
AU0,2012/5/15,318.95,319.28,317.27,318.91,-3.98,-1.2326,"70,276","22,378,200,000"
AU0,2012/5/16,315.8,316.78,313.72,313.97,-4.94,-1.549,"73,582","23,191,990,000"
AU0,2012/5/17,316.97,318.97,316.55,318.34,4.37,1.3919,"62,440","19,836,450,000"
AU0,2012/5/18,323,323.78,321.5,323.19,4.85,1.5235,"74,984","24,219,990,000"
AU0,2012/5/21,327,327.99,326.96,327.53,4.34,1.3429,"49,442","16,189,600,000"
AU0,2012/5/22,326.45,327.03,325.15,325.26,-2.27,-0.6931,"41,462","13,518,030,000"
AU0,2012/5/23,319.62,320.55,318.92,320.02,-5.24,-1.611,"63,048","20,162,150,000"
AU0,2012/5/24,320.27,322.52,319.3,321.4,1.38,0.4312,"64,848","20,784,580,000"
AU0,2012/5/25,320.33,322.78,318.82,321.74,0.34,0.1058,"77,752","24,906,440,000"
AU0,2012/5/28,323.77,326.63,323.65,326.3,4.56,1.4173,"52,194","16,971,820,000"
AU0,2012/5/29,324.49,325.97,324.16,325.5,-0.8,-0.2452,"48,716","15,831,380,000"
AU0,2012/5/30,320.31,320.8,318.88,319.86,-5.64,-1.7327,"62,898","20,123,460,000"
AU0,2012/5/31,322.64,324.43,322.22,323,3.14,0.9817,"63,652","20,580,550,000"
AU0,2012/6/1,321.39,322.9,320.7,322.63,-0.37,-0.1145,"51,008","16,412,210,000"
AU0,2012/6/4,333.5,337.07,333.02,335.67,13.04,4.0418,"107,318","35,921,780,000"
AU0,2012/6/5,335.12,336.06,333.65,334.36,-1.31,-0.3903,"63,180","21,157,690,000"
AU0,2012/6/6,336.94,337.3,335.57,336.35,1.99,0.5952,"73,350","24,670,680,000"
AU0,2012/6/7,335.48,335.6,333.89,334.7,-1.65,-0.4906,"66,446","22,229,680,000"
AU0,2012/6/8,327.03,327.75,322.51,324.93,-9.77,-2.919,"90,714","29,510,830,000"
AU0,2012/6/11,330.95,331.4,329.13,329.85,4.92,1.5142,"59,312","19,582,270,000"
AU0,2012/6/12,328.62,329.2,327.76,328.34,-1.51,-0.4578,"47,782","15,695,330,000"
AU0,2012/6/13,331,332.69,330.88,332.6,4.26,1.2974,"52,132","17,303,330,000"
AU0,2012/6/14,333.4,335.01,333.1,333.61,1.01,0.3037,"42,582","14,215,690,000"
AU0,2012/6/15,334.43,335.68,334.37,335.26,1.65,0.4946,"50,412","16,899,810,000"
AU0,2012/6/18,335.73,336.45,333.31,333.5,-1.76,-0.525,"58,604","19,592,650,000"
AU0,2012/6/19,335.56,336.18,335.14,335.5,2,0.5997,"37,686","12,647,940,000"
AU0,2012/6/20,333.32,334.15,332.9,333.49,-2.01,-0.5991,"34,266","11,431,280,000"
AU0,2012/6/21,329.31,330.7,328.69,330.14,-3.35,-1.0045,"45,710","15,079,860,000"
AU0,2012/6/25,325,325.58,324.2,325.12,-5.02,-1.5206,"41,114","13,365,040,000"
AU0,2012/6/26,327.6,327.77,326.45,326.9,1.78,0.5475,"27,880","9,121,390,000"
AU0,2012/6/27,325,325.42,323.82,324.34,-2.56,-0.7831,"34,948","11,345,300,000"
AU0,2012/6/28,326.01,326.41,325.08,325.39,1.05,0.3237,"35,236","11,477,400,000"
AU0,2012/6/29,321.34,325.13,321.06,324.51,-0.88,-0.2704,"57,264","18,517,500,000"
AU0,2012/7/2,329.2,329.21,327.71,328.1,3.59,1.1063,"41,244","13,542,340,000"
AU0,2012/7/3,329.2,331.8,328.89,331.73,3.63,1.1064,"46,332","15,306,180,000"
AU0,2012/7/4,333.35,333.87,332.8,333.3,1.57,0.4733,"35,464","11,819,080,000"
AU0,2012/7/5,333.32,334,332.55,333.8,0.5,0.15,"38,600","12,867,510,000"
AU0,2012/7/6,331.76,331.82,330.4,330.59,-3.21,-0.9617,"38,478","12,741,540,000"
AU0,2012/7/9,327,327.51,326.5,326.9,-3.69,-1.1162,"39,640","12,961,150,000"
AU0,2012/7/10,327.5,328.37,327.08,327.3,0.4,0.1224,"33,152","10,861,510,000"
AU0,2012/7/11,325,326.35,324.88,326.1,-1.2,-0.3666,"41,004","13,359,310,000"
AU0,2012/7/12,325.92,326.08,324.2,324.7,-1.4,-0.4293,"49,714","16,149,410,000"
AU0,2012/7/13,324.7,326.99,324.64,326.45,1.75,0.539,"49,292","16,033,380,000"
AU0,2012/7/16,328.23,329.26,325.42,328.82,2.37,0.726,"46,394","15,229,510,000"
AU0,2012/7/17,329.74,330.37,328.73,329.64,0.82,0.2494,"45,130","14,878,810,000"
AU0,2012/7/18,328.04,328.34,326.2,327.13,-2.51,-0.7614,"44,252","14,476,420,000"
AU0,2012/7/19,326.17,327.68,326.11,326.95,-0.18,-0.055,"45,706","14,933,590,000"
AU0,2012/7/20,327.3,327.66,326.94,327.5,0.55,0.1682,"40,692","13,319,050,000"
AU0,2012/7/23,326.75,327.22,325.61,326.15,-1.35,-0.4122,"49,470","16,151,150,000"
AU0,2012/7/24,326.38,327.28,326,326.5,0.35,0.1073,"48,332","15,790,100,000"
AU0,2012/7/25,327,328.64,327,327.49,0.99,0.3032,"65,674","21,537,720,000"
AU0,2012/7/26,331.73,333.19,331.2,332.88,5.39,1.6459,"65,218","21,670,640,000"
AU0,2012/7/27,333.88,335.48,333.43,335.3,2.42,0.727,"53,714","17,962,940,000"
AU0,2012/7/30,335.71,335.85,334.01,334.45,-0.85,-0.2535,"48,702","16,314,100,000"
AU0,2012/7/31,334.97,336.26,334.92,335.58,1.13,0.3379,"46,586","15,638,940,000"
AU0,2012/8/1,333.27,334.36,332.86,334.12,-1.46,-0.4351,"36,476","12,167,370,000"
AU0,2012/8/2,331,331.98,330.55,331.48,-2.64,-0.7901,"37,200","12,328,680,000"
AU0,2012/8/3,329,329.96,329,329.85,-1.63,-0.4917,"31,712","10,452,000,000"
AU0,2012/8/6,332.1,333.28,332.04,332.9,3.05,0.9247,"35,680","11,873,430,000"
AU0,2012/8/7,333.75,333.95,333.06,333.68,0.78,0.2343,"29,604","9,874,280,000"
AU0,2012/8/8,333.42,333.8,332.45,332.55,-1.13,-0.3386,"31,298","10,426,930,000"
AU0,2012/8/9,333.82,335,333.8,334.81,2.26,0.6796,"37,382","12,507,290,000"
AU0,2012/8/10,334.39,334.53,333.4,334,-0.81,-0.2419,"31,950","10,672,850,000"
AU0,2012/8/13,335.08,336.49,334.95,336.02,2.02,0.6048,"50,630","17,000,100,000"
AU0,2012/8/14,333.74,334.28,333.21,334.03,-1.99,-0.5922,"39,798","13,282,550,000"
AU0,2012/8/15,331.28,331.91,330.9,331.15,-2.88,-0.8622,"33,816","11,210,010,000"
AU0,2012/8/16,332.47,332.84,331.51,331.71,0.56,0.1691,"33,088","10,994,480,000"
AU0,2012/8/17,334.7,335.49,334.43,335.28,3.57,1.0762,"31,248","10,462,420,000"
AU0,2012/8/20,334.74,335.43,334.41,335.13,-0.15,-0.0447,"25,632","8,586,870,000"
AU0,2012/8/21,335.28,336.4,335.28,336.29,1.16,0.3461,"30,532","10,256,830,000"
AU0,2012/8/22,338.82,339.8,338.8,339.52,3.23,0.9605,"38,854","13,186,840,000"
AU0,2012/8/23,342.5,346.36,342.48,345.99,6.47,1.9056,"86,310","29,760,300,000"
AU0,2012/8/24,345.98,346.04,344.36,344.79,-1.2,-0.3468,"50,894","17,567,430,000"
AU0,2012/8/27,346.8,348.28,346.34,346.63,1.84,0.5337,"46,788","16,254,490,000"
AU0,2012/8/28,343.72,343.99,343.13,343.82,-2.81,-0.8107,"35,940","12,347,190,000"
AU0,2012/8/29,344.34,345.85,344.34,345.5,1.68,0.4886,"38,508","13,291,670,000"
AU0,2012/8/30,342.63,343.94,342.5,343.38,-2.12,-0.6136,"37,766","12,962,290,000"
AU0,2012/8/31,342.97,343.6,342.21,343.39,0.01,0.0029,"39,098","13,404,550,000"
AU0,2012/9/3,349.76,350.76,349.52,349.71,6.32,1.8405,"54,018","18,915,110,000"
AU0,2012/9/4,351.3,351.85,350.16,350.3,0.59,0.1687,"45,698","16,032,800,000"
AU0,2012/9/5,350,350.61,349.67,350.16,-0.14,-0.04,"31,656","11,085,030,000"
AU0,2012/9/6,350.17,354,350.17,352.6,2.44,0.6968,"77,258","27,190,760,000"
AU0,2012/9/7,350.99,351.37,348.63,349.61,-2.99,-0.848,"66,978","23,439,270,000"
AU0,2012/9/10,358.37,359.59,358,358.23,8.62,2.4656,"52,414","18,803,670,000"
AU0,2012/9/11,357.2,358,356.6,357.78,-0.45,-0.1256,"41,632","14,875,900,000"
AU0,2012/9/12,358.71,358.71,357.5,357.89,0.11,0.0307,"36,160","12,948,810,000"
AU0,2012/9/13,357.49,357.49,356.01,356.13,-1.76,-0.4918,"34,780","12,400,420,000"
AU0,2012/9/14,365.18,366.3,364.88,365.19,9.06,2.544,"85,294","31,189,730,000"
AU0,2012/9/17,364.94,365.95,364.05,364.4,-0.79,-0.2163,"42,346","15,459,400,000"
AU0,2012/9/18,361.2,362.1,360.61,361.87,-2.53,-0.6943,"41,878","15,132,010,000"
AU0,2012/9/19,363.9,366.2,362.56,365.41,3.54,0.9783,"71,696","26,142,110,000"
AU0,2012/9/20,363.98,364.5,361.65,361.92,-3.49,-0.9551,"52,086","18,915,910,000"
AU0,2012/9/21,364.42,364.51,363.2,363.67,1.75,0.4835,"44,594","16,229,780,000"
AU0,2012/9/24,362,362,358.92,360.12,-3.55,-0.9762,"55,690","20,053,120,000"
AU0,2012/9/25,361.86,361.96,360.3,360.86,0.74,0.2055,"34,250","12,368,370,000"
AU0,2012/9/26,360,361.44,359.97,360.86,0,0,"30,496","11,004,480,000"
AU0,2012/9/27,359.01,360.9,359.01,360.31,-0.55,-0.1524,"38,788","13,968,080,000"
AU0,2012/9/28,365,365.58,364.22,365.48,5.17,1.4349,"33,576","12,256,940,000"
AU0,2012/10/8,364.22,364.25,360.21,361.38,-4.1,-1.1218,"40,980","14,818,560,000"
AU0,2012/10/9,362.83,363.25,361.77,361.8,0.42,0.1162,"31,770","11,518,410,000"
AU0,2012/10/10,359,359.85,358.11,359.55,-2.25,-0.6219,"32,034","11,509,630,000"
AU0,2012/10/11,358.8,359.99,358.38,359.55,0,0,"29,690","10,669,600,000"
AU0,2012/10/12,360.18,360.75,359.67,359.95,0.4,0.1113,"26,312","9,478,530,000"
AU0,2012/10/15,354.73,354.73,353.23,354.19,-5.76,-1.6002,"31,996","11,330,880,000"
AU0,2012/10/16,352.29,353.75,352.29,353.61,-0.58,-0.1638,"26,182","9,242,190,000"
AU0,2012/10/17,355,356.08,354.75,354.8,1.19,0.3365,"29,338","10,426,590,000"
AU0,2012/10/18,354.79,355.3,354.12,354.46,-0.34,-0.0958,"25,400","9,007,480,000"
AU0,2012/10/19,352.8,353.3,350.53,351.67,-2.79,-0.7871,"30,012","10,563,640,000"
AU0,2012/10/22,349.42,350.1,348.51,350.09,-1.58,-0.4493,"19,380","6,773,110,000"
AU0,2012/10/23,349.75,350.68,349.02,349.7,-0.39,-0.1114,"27,262","9,535,600,000"
AU0,2012/10/24,347.4,349.2,344.43,347.3,-2.4,-0.6863,"36,934","12,826,850,000"
AU0,2012/10/25,346.84,348.33,345.8,347.7,0.4,0.1152,"41,728","14,481,970,000"
AU0,2012/10/26,347.72,347.9,344.23,345,-2.7,-0.7765,"33,532","11,601,240,000"
AU0,2012/10/29,347,348.4,346.54,347.57,2.57,0.7449,"32,072","11,146,050,000"
AU0,2012/10/30,346.7,347.28,346.24,347.28,-0.29,-0.0834,"28,720","9,960,450,000"
AU0,2012/10/31,346.88,347.83,346.85,347.27,-0.01,-0.0029,"20,528","7,130,590,000"
AU0,2012/11/1,351.18,352.36,350.93,352,4.73,1.3621,"22,920","8,059,570,000"
AU0,2012/11/2,350.36,350.59,347.17,347.9,-4.1,-1.1648,"38,870","13,555,810,000"
AU0,2012/11/5,343,343.06,341.71,342.02,-5.88,-1.6901,"31,182","10,671,640,000"
AU0,2012/11/6,342.79,344.38,342.79,343.9,1.88,0.5497,"26,644","9,154,330,000"
AU0,2012/11/7,348.5,352.5,347.98,351.98,8.08,2.3495,"62,586","21,929,690,000"
AU0,2012/11/8,349.34,350.99,349.33,350.68,-1.3,-0.3693,"36,982","12,961,110,000"
AU0,2012/11/9,353.16,355,353.16,354.54,3.86,1.1007,"44,824","15,883,710,000"
AU0,2012/11/12,354.3,354.58,353.08,353.82,-0.72,-0.2031,"32,046","11,336,740,000"
AU0,2012/11/13,351.3,351.98,350.58,351.53,-2.29,-0.6472,"35,172","12,356,170,000"
AU0,2012/11/14,352.25,352.88,351.77,352.38,0.85,0.2418,"29,840","10,513,640,000"
AU0,2012/11/15,351.5,352.07,351.06,351.25,-1.13,-0.3207,"25,480","8,957,060,000"
AU0,2012/11/16,349.88,350.09,348.58,348.95,-2.3,-0.6548,"35,678","12,464,390,000"
AU0,2012/11/19,350.21,351.6,350.1,351.33,2.38,0.682,"33,922","11,911,290,000"
AU0,2012/11/20,353.12,353.92,353.12,353.25,1.92,0.5465,"31,524","11,146,540,000"
AU0,2012/11/21,352.13,352.36,350.03,351.55,-1.7,-0.4812,"25,722","9,046,060,000"
AU0,2012/11/22,353.14,353.47,352.64,352.64,1.09,0.3101,"24,618","8,692,400,000"
AU0,2012/11/23,352.65,353.58,352.44,353.5,0.86,0.2439,"21,982","7,758,270,000"
AU0,2012/11/26,357.11,357.39,356.51,356.83,3.33,0.942,"33,728","12,037,240,000"
AU0,2012/11/27,357.2,357.43,356.51,356.55,-0.28,-0.0785,"24,790","8,847,230,000"
AU0,2012/11/28,355.01,355.3,353.8,354.18,-2.37,-0.6647,"32,820","11,633,140,000"
AU0,2012/11/29,350.82,351.08,349.8,349.92,-4.26,-1.2028,"35,450","12,424,070,000"
AU0,2012/11/30,351.3,352.29,350.88,352.08,2.16,0.6173,"31,988","11,246,300,000"
AU0,2012/12/3,349.76,350,348.52,349.3,-2.78,-0.7896,"39,828","13,908,290,000"
AU0,2012/12/4,348.3,348.44,344.67,345.53,-3.77,-1.0793,"55,020","19,061,890,000"
AU0,2012/12/5,344.41,346.56,344.32,346.47,0.94,0.272,"42,400","14,647,200,000"
AU0,2012/12/6,344.35,344.9,342.91,343.6,-2.87,-0.8284,"54,296","18,668,700,000"
AU0,2012/12/7,346.11,346.59,345.77,346.28,2.68,0.78,"38,824","13,438,740,000"
AU0,2012/12/10,347.1,347.6,346.67,347.27,0.99,0.2859,"30,042","10,430,250,000"
AU0,2012/12/11,347.4,347.86,347.08,347.69,0.42,0.1209,"30,292","10,525,680,000"
AU0,2012/12/12,347.79,348.66,347.58,348.47,0.78,0.2243,"29,736","10,354,790,000"
AU0,2012/12/13,347,347,344,344.99,-3.48,-0.9987,"61,082","21,080,110,000"
AU0,2012/12/14,344.31,345.84,344.3,345.43,0.44,0.1275,"41,032","14,169,910,000"
AU0,2012/12/17,343.89,344.56,343.38,343.89,-1.54,-0.4458,"44,610","15,344,900,000"
AU0,2012/12/18,345.45,348.09,345.43,347.37,3.48,1.0119,"60,964","21,129,120,000"
AU0,2012/12/19,341.52,342,340.89,341.84,-5.53,-1.592,"53,100","18,129,440,000"
AU0,2012/12/20,340.12,341.1,339.72,340.76,-1.08,-0.3159,"40,542","13,793,070,000"
AU0,2012/12/21,336.03,336.42,333.53,335.92,-4.84,-1.4204,"63,190","21,186,080,000"
AU0,2012/12/24,337.2,339.26,336.63,338.81,2.89,0.8603,"45,938","15,526,850,000"
AU0,2012/12/25,337.28,338.8,337.11,337.24,-1.57,-0.4634,"34,366","11,610,540,000"
AU0,2012/12/26,336.73,337.77,336.6,337.38,0.14,0.0415,"26,366","8,894,460,000"
AU0,2012/12/27,337.01,339,336.8,337.96,0.58,0.1719,"36,670","12,387,000,000"
AU0,2012/12/28,339.2,340.12,339.05,339.2,1.24,0.3669,"36,610","12,430,790,000"
AU0,2012/12/31,338.68,340.6,338.29,340.29,1.09,0.3213,"35,982","12,212,820,000"
AU0,2013/1/4,337.19,337.2,335.38,336.84,-3.45,-1.0138,"63,218","21,261,750,000"
AU0,2013/1/7,338.02,339.52,338,338.54,1.7,0.5047,"44,956","15,230,460,000"
AU0,2013/1/8,337,337.3,336.2,336.53,-2.01,-0.5937,"32,290","10,869,910,000"
AU0,2013/1/9,338.53,339.55,338.24,339.32,2.79,0.8291,"37,642","12,757,480,000"
AU0,2013/1/10,337.51,339.09,337.28,338.68,-0.64,-0.1886,"29,456","9,959,920,000"
AU0,2013/1/11,341.72,341.92,340.81,341.39,2.71,0.8002,"36,272","12,385,090,000"
AU0,2013/1/14,339.02,340.43,339.02,340.35,-1.04,-0.3046,"28,512","9,689,890,000"
AU0,2013/1/15,340.66,341.8,339.9,340.9,0.55,0.1616,"46,930","15,998,500,000"
AU0,2013/1/16,343.5,343.6,342.6,343.5,2.6,0.7627,"38,706","13,282,500,000"
AU0,2013/1/17,342.53,342.86,341.68,342.49,-1.01,-0.294,"33,994","11,636,070,000"
AU0,2013/1/18,344,344.49,343.81,344.28,1.79,0.5226,"28,408","9,776,990,000"
AU0,2013/1/21,343.7,344.4,343.7,344.06,-0.22,-0.0639,"20,808","7,160,380,000"
AU0,2013/1/22,344.2,345.6,344.1,345.5,1.44,0.4185,"28,632","9,870,400,000"
AU0,2013/1/23,345.11,345.39,344.42,344.81,-0.69,-0.1997,"20,290","6,996,990,000"
AU0,2013/1/24,342,342.68,341.12,341.73,-3.08,-0.8932,"38,244","13,078,800,000"
AU0,2013/1/25,338.5,340.2,338.5,340.1,-1.63,-0.477,"28,120","9,545,390,000"
AU0,2013/1/28,337.78,338.65,337.77,338.47,-1.63,-0.4793,"27,998","9,468,670,000"
AU0,2013/1/29,338,339.2,337.8,339.07,0.6,0.1773,"27,830","9,417,730,000"
AU0,2013/1/30,339.34,339.82,338.89,339.5,0.43,0.1268,"22,760","7,722,750,000"
AU0,2013/1/31,341.76,342.03,341.18,341.3,1.8,0.5302,"25,778","8,803,960,000"
AU0,2013/2/1,338.2,338.78,337.94,338.67,-2.63,-0.7706,"24,454","8,272,650,000"
AU0,2013/2/4,339.18,340.74,338.86,340.15,1.48,0.437,"31,138","10,588,670,000"
AU0,2013/2/5,340.88,341.95,340.77,341.85,1.7,0.4998,"25,824","8,813,700,000"
AU0,2013/2/6,340.9,341.19,340.11,340.83,-1.02,-0.2984,"24,604","8,380,630,000"
AU0,2013/2/7,341.88,342.41,341.41,341.73,0.9,0.2641,"19,554","6,684,700,000"
AU0,2013/2/8,339.78,341.3,339.78,341.09,-0.64,-0.1873,"17,576","5,984,470,000"
AU0,2013/2/18,329.7,330.32,329.26,329.76,-11.33,-3.3217,"42,594","14,047,910,000"
AU0,2013/2/19,329.5,330.12,329.5,329.73,-0.03,-0.0091,"24,126","7,955,880,000"
AU0,2013/2/20,328.7,329.12,328.44,328.97,-0.76,-0.2305,"23,096","7,593,840,000"
AU0,2013/2/21,321.3,321.58,318,320.84,-8.13,-2.4714,"64,880","20,756,430,000"
AU0,2013/2/22,322.52,324.76,322.52,324.32,3.48,1.0847,"32,438","10,501,790,000"
AU0,2013/2/25,322.88,324.81,322.8,324.04,-0.28,-0.0863,"37,884","12,272,470,000"
AU0,2013/2/26,326.31,326.45,324.32,324.54,0.5,0.1543,"38,824","12,638,490,000"
AU0,2013/2/27,328.99,328.99,328,328.09,3.55,1.0939,"41,952","13,784,510,000"
AU0,2013/2/28,325.8,327.19,325.4,326.4,-1.69,-0.5151,"33,604","10,960,760,000"
AU0,2013/3/1,323.63,323.63,322.51,323.1,-3.3,-1.011,"32,316","10,442,370,000"
AU0,2013/3/4,323.4,324.14,322.26,322.56,-0.54,-0.1671,"38,268","12,362,710,000"
AU0,2013/3/5,322.4,323.82,322.22,323.47,0.91,0.2821,"35,010","11,304,190,000"
AU0,2013/3/6,322.68,323.06,322,322.33,-1.14,-0.3524,"33,756","10,888,460,000"
AU0,2013/3/7,323.16,323.59,322.58,323.05,0.72,0.2234,"40,758","13,167,310,000"
AU0,2013/3/8,322.18,322.66,321.02,321.3,-1.75,-0.5417,"44,658","14,368,120,000"
AU0,2013/3/11,321.5,322.88,321.44,322.74,1.44,0.4482,"35,484","11,437,640,000"
AU0,2013/3/12,321.72,322.83,321.72,322.11,-0.63,-0.1952,"27,724","8,937,080,000"
AU0,2013/3/13,324.54,324.66,323,324.3,2.19,0.6799,"29,128","9,438,650,000"
AU0,2013/3/14,322.82,323.49,322.02,322.95,-1.35,-0.4163,"33,144","10,700,360,000"
AU0,2013/3/15,323.66,324.19,323.43,324.19,1.24,0.384,"24,082","7,797,300,000"
AU0,2013/3/18,325.82,325.97,323.02,324.21,0.02,0.0062,"44,560","14,445,840,000"
AU0,2013/3/19,325.19,325.95,324.5,325.73,1.52,0.4688,"34,172","11,114,790,000"
AU0,2013/3/20,326.64,327.15,326.2,326.88,1.15,0.3531,"26,116","8,532,150,000"
AU0,2013/3/21,325.19,326.45,325.02,326.08,-0.8,-0.2447,"25,004","8,146,850,000"
AU0,2013/3/22,327,327.15,326.31,326.33,0.25,0.0767,"23,060","7,534,600,000"
AU0,2013/3/25,324.94,326.64,324.94,325.58,-0.75,-0.2298,"24,792","8,081,270,000"
AU0,2013/3/26,324.76,325.2,324.02,324.57,-1.01,-0.3102,"28,382","9,215,370,000"
AU0,2013/3/27,324.54,324.69,322.92,322.97,-1.6,-0.493,"29,518","9,556,220,000"
AU0,2013/3/28,325.05,325.53,324.93,325.03,2.06,0.6378,"23,738","7,720,650,000"
AU0,2013/3/29,323,323.66,322.2,323.45,-1.58,-0.4861,"17,616","5,687,530,000"
AU0,2013/4/1,323.82,324.97,322.88,322.98,-0.47,-0.1453,"23,182","7,503,840,000"
AU0,2013/4/2,324.25,324.77,323.36,323.73,0.75,0.2322,"21,740","7,046,230,000"
AU0,2013/4/3,319,319.1,315.69,316.24,-7.49,-2.3137,"48,494","15,371,910,000"
AU0,2013/4/8,318.47,320.01,318.24,319.29,3.05,0.9645,"34,714","11,069,520,000"
AU0,2013/4/9,317.79,318.99,317.79,318.82,-0.47,-0.1472,"25,110","7,998,380,000"
AU0,2013/4/10,320.97,321,320.01,320.25,1.43,0.4485,"19,836","6,355,300,000"
AU0,2013/4/11,314.06,314.98,313.7,314.35,-5.9,-1.8423,"36,508","11,477,940,000"
AU0,2013/4/12,314.91,315.85,314.21,314.49,0.14,0.0445,"22,016","6,927,920,000"
AU0,2013/4/15,299,299,298.93,298.93,-15.56,-4.9477,"4,482","1,339,920,000"
AU0,2013/4/16,275.03,277.3,275.03,276.38,-22.55,-7.5436,"74,334","20,488,920,000"
AU0,2013/4/17,276,277.09,272.84,275.09,-1.29,-0.4668,"107,104","29,484,900,000"
AU0,2013/4/18,271.93,276.42,264.59,275.78,0.69,0.2508,"157,854","42,855,380,000"
AU0,2013/4/19,277,285.01,275.92,282.28,6.5,2.357,"121,000","33,920,250,000"
AU0,2013/4/22,283,284.6,282.38,282.7,0.42,0.1488,"82,736","23,459,990,000"
AU0,2013/4/23,286.77,287.19,281.43,283.31,0.61,0.2158,"90,224","25,668,050,000"
AU0,2013/4/24,284.5,287.9,284.3,286.49,3.18,1.1224,"73,846","21,098,310,000"
AU0,2013/4/25,287.96,292,287,290.35,3.86,1.3473,"56,874","16,464,860,000"
AU0,2013/4/26,297.54,299.77,295.78,296.15,5.8,1.9976,"82,926","24,669,210,000"
AU0,2013/5/2,292,292,289.74,290.9,-5.25,-1.7728,"65,746","19,108,470,000"
AU0,2013/5/3,293.21,295.59,293.14,295.41,4.51,1.5504,"61,436","18,098,010,000"
AU0,2013/5/6,295.41,296.5,294.15,294.15,-1.26,-0.4265,"70,272","20,739,690,000"
AU0,2013/5/7,293.67,293.95,289.84,289.98,-4.17,-1.4176,"116,040","33,862,720,000"
AU0,2013/5/8,289,290.85,287.2,290.27,0.29,0.1,"124,912","36,131,020,000"
AU0,2013/5/9,293.19,294.4,292.58,292.87,2.6,0.8957,"75,494","22,162,620,000"
AU0,2013/5/10,289.14,291.6,288.64,291.6,-1.27,-0.4336,"82,266","23,889,420,000"
AU0,2013/5/13,286.68,287.63,283.9,285.43,-6.17,-2.1159,"142,078","40,578,050,000"
AU0,2013/5/14,286.68,288.48,286,286.31,0.88,0.3083,"75,890","21,802,020,000"
AU0,2013/5/15,283.98,285.24,281.51,281.82,-4.49,-1.5682,"96,854","27,486,650,000"
AU0,2013/5/16,278.02,280,277.53,278.18,-3.64,-1.2916,"104,736","29,177,860,000"
AU0,2013/5/17,278.14,279.28,274.65,275.11,-3.07,-1.1036,"147,690","40,932,150,000"
AU0,2013/5/20,269.7,270.93,268.4,269.5,-5.61,-2.0392,"155,846","42,023,490,000"
AU0,2013/5/21,279.99,280.88,276.66,279.51,10.01,3.7143,"146,816","40,928,440,000"
AU0,2013/5/22,276.6,279.1,276.27,278.86,-0.65,-0.2326,"89,024","24,676,670,000"
AU0,2013/5/23,273.52,276.62,272.4,276.23,-2.63,-0.9431,"127,236","34,923,650,000"
AU0,2013/5/24,279.02,279.88,277.91,278.36,2.13,0.7711,"94,582","26,371,060,000"
AU0,2013/5/27,277.04,279.55,277.04,279.32,0.96,0.3449,"57,426","16,004,790,000"
AU0,2013/5/28,278.36,279.2,277.82,278.44,-0.88,-0.3151,"63,016","17,548,960,000"
AU0,2013/5/29,277.79,278.79,276.65,277.46,-0.98,-0.352,"84,464","23,459,990,000"
AU0,2013/5/30,278.5,282.52,278.11,281.88,4.42,1.593,"112,980","31,701,470,000"
AU0,2013/5/31,283.11,284.68,282.88,283.57,1.69,0.5995,"66,136","18,766,590,000"
AU0,2013/6/3,279.62,280.13,278.81,279.52,-4.05,-1.4282,"61,714","17,246,520,000"
AU0,2013/6/4,283.4,283.44,281.06,281.26,1.74,0.6225,"63,018","17,783,560,000"
AU0,2013/6/5,279.96,281.58,279.3,280.62,-0.64,-0.2276,"65,502","18,379,870,000"
AU0,2013/6/6,280.47,280.68,278.66,279.01,-1.61,-0.5737,"52,378","14,644,850,000"
AU0,2013/6/7,283.09,283.16,281.7,281.82,2.81,1.0071,"53,088","14,992,290,000"
AU0,2013/6/13,276.61,279.18,276.6,278.24,-3.58,-1.2703,"58,694","16,331,660,000"
AU0,2013/6/14,278,278.13,276.68,277.15,-1.09,-0.3917,"44,294","12,281,170,000"
AU0,2013/6/17,278.03,278.55,277.53,277.58,0.43,0.1551,"31,652","8,801,620,000"
AU0,2013/6/18,277.02,277.47,275.51,275.97,-1.61,-0.58,"47,930","13,252,780,000"
AU0,2013/6/19,274.16,274.68,273.26,274.48,-1.49,-0.5399,"56,836","15,566,450,000"
AU0,2013/6/20,269.1,270.12,266.72,266.94,-7.54,-2.747,"87,300","23,488,680,000"
AU0,2013/6/21,255.59,261.32,255.59,261.3,-5.64,-2.1128,"153,406","39,724,070,000"
AU0,2013/6/24,260.75,261.9,256.35,256.9,-4.4,-1.6839,"117,220","30,336,540,000"
AU0,2013/6/25,257.85,259.55,256.7,257.9,1,0.3893,"97,416","25,137,400,000"
AU0,2013/6/26,256.6,257,249.3,251.05,-6.85,-2.6561,"176,738","44,572,080,000"
AU0,2013/6/27,248.35,251.4,248.3,250.5,-0.55,-0.2191,"136,470","34,119,900,000"
AU0,2013/6/28,240.1,245.15,238.9,243.8,-6.7,-2.6746,"177,536","43,078,990,000"
AU0,2013/7/1,248.55,252.85,247.25,252.4,8.6,3.5275,"160,940","40,350,510,000"
AU0,2013/7/2,253.75,255.3,253.15,254.8,2.4,0.9509,"106,224","27,018,490,000"
AU0,2013/7/3,251.95,252.85,251.35,252.35,-2.45,-0.9615,"76,396","19,266,230,000"
AU0,2013/7/4,254,255.2,253.15,253.45,1.1,0.4359,"52,880","13,416,750,000"
AU0,2013/7/5,252.45,252.7,250.15,251.3,-2.15,-0.8483,"91,826","23,078,280,000"
AU0,2013/7/8,247.45,247.7,244.15,245.95,-5.35,-2.1289,"325,148","79,906,030,000"
AU0,2013/7/9,248.65,254.5,248,253.35,7.4,3.0087,"376,336","94,250,880,000"
AU0,2013/7/10,252.4,253.55,250.7,251.75,-1.6,-0.6315,"416,328","104,909,650,000"
AU0,2013/7/11,253,262.2,251.65,259.6,7.85,3.1182,"595,642","152,228,590,000"
AU0,2013/7/12,259.4,259.9,256.9,257.1,-2.5,-0.963,"385,378","99,733,180,000"
AU0,2013/7/15,256.95,260.9,256.65,259.15,2.05,0.7974,"418,104","108,007,440,000"
AU0,2013/7/16,258.6,259.4,257.4,258.45,-0.7,-0.2701,"280,028","72,464,310,000"
AU0,2013/7/17,260.1,261,259.05,259.35,0.9,0.3482,"312,514","81,306,450,000"
AU0,2013/7/18,260.35,261.5,255.1,256.6,-2.75,-1.0603,"533,216","137,738,990,000"
AU0,2013/7/19,258.15,259.75,257,258.55,1.95,0.7599,"365,774","94,412,050,000"
AU0,2013/7/22,259,265.35,258.7,264.25,5.7,2.2046,"342,482","89,496,230,000"
AU0,2013/7/23,265,267.95,264.8,266.2,1.95,0.7379,"373,296","99,427,540,000"
AU0,2013/7/24,266.1,268.85,265.65,267.75,1.55,0.5823,"270,080","72,096,650,000"
AU0,2013/7/25,266.1,267.15,263.05,264.05,-3.7,-1.3819,"407,820","108,201,950,000"
AU0,2013/7/26,264.7,267.3,264.25,265.9,1.85,0.7006,"292,150","77,539,440,000"
AU0,2013/7/29,263.95,265.15,262,263.3,-2.6,-0.9778,"405,422","106,864,510,000"
AU0,2013/7/30,264.1,264.8,263.35,263.5,0.2,0.076,"219,446","57,969,350,000"
AU0,2013/7/31,263.85,266.85,262.6,265.9,2.4,0.9108,"330,774","87,328,450,000"
AU0,2013/8/1,263.9,265.7,260.7,263.5,-2.4,-0.9026,"548,972","144,090,140,000"
AU0,2013/8/2,264.25,264.3,253.6,257.1,-6.4,-2.4288,"450,170","117,558,110,000"
AU0,2013/8/5,263,264,261.15,262.45,5.35,2.0809,"336,498","88,173,190,000"
AU0,2013/8/6,260.8,261.75,257.3,258.45,-4,-1.5241,"369,748","96,123,520,000"
AU0,2013/8/7,258,258,254.65,256.1,-2.35,-0.9093,"399,322","102,458,770,000"
AU0,2013/8/8,256.1,259.25,255.8,258.1,2,0.7809,"368,892","94,880,330,000"
AU0,2013/8/9,258.65,262.95,258.2,261.55,3.45,1.3367,"484,956","126,417,750,000"
AU0,2013/8/12,261.1,266.5,260.95,266.05,4.5,1.7205,"472,514","124,388,250,000"
AU0,2013/8/13,265.8,268.5,265.7,267.65,1.6,0.6014,"345,448","92,361,830,000"
AU0,2013/8/14,266.75,267.25,263.1,263.8,-3.85,-1.4384,"415,492","110,113,270,000"
AU0,2013/8/15,264.8,269.15,263.75,268.05,4.25,1.6111,"427,342","113,864,750,000"
AU0,2013/8/16,264.1,275.1,263.85,271.95,3.9,1.455,"659,102","177,510,160,000"
AU0,2013/8/19,272.65,276.65,271,274.6,2.65,0.9744,"452,264","123,897,200,000"
AU0,2013/8/20,274.1,274.35,270,271.2,-3.4,-1.2382,"385,060","105,021,660,000"
AU0,2013/8/21,273.2,274.75,272.5,273.2,2,0.7375,"304,550","83,338,480,000"
AU0,2013/8/22,273,274.25,271.15,272.35,-0.85,-0.3111,"354,840","96,747,580,000"
AU0,2013/8/23,274.35,275.85,273,274.75,2.4,0.8812,"315,836","86,594,140,000"
AU0,2013/8/26,273.7,279.4,273.6,278.55,3.8,1.3831,"384,020","106,514,040,000"
AU0,2013/8/27,278.35,279.65,277.3,279.25,0.7,0.2513,"251,828","70,153,270,000"
AU0,2013/8/28,282.65,285.6,281.55,284.25,5,1.7905,"325,808","92,250,240,000"
AU0,2013/8/29,284.45,284.9,279.7,280.95,-3.3,-1.1609,"374,840","105,760,030,000"
AU0,2013/8/30,281.85,281.85,279.45,280.15,-0.8,-0.2848,"268,242","75,237,210,000"
AU0,2013/9/2,277.85,279.9,276.2,278.55,-1.6,-0.5711,"319,910","88,988,840,000"
AU0,2013/9/3,277.85,278.9,277.2,277.6,-0.95,-0.341,"181,690","50,531,620,000"
AU0,2013/9/4,279.45,282.65,279.15,280.5,2.9,1.0447,"349,940","98,214,900,000"
AU0,2013/9/5,277.6,278.05,275,276.5,-4,-1.426,"286,456","79,353,560,000"
AU0,2013/9/6,277.1,277.5,272.4,273.85,-2.65,-0.9584,"384,252","105,419,800,000"
AU0,2013/9/9,276.3,277.55,275.75,276.8,2.95,1.0772,"287,488","79,521,400,000"
AU0,2013/9/10,276.9,277.25,274.05,275.05,-1.75,-0.6322,"189,900","52,446,700,000"
AU0,2013/9/11,272.25,273.25,270.7,272.9,-2.15,-0.7817,"246,846","67,138,870,000"
AU0,2013/9/12,271.85,272.6,268.3,268.55,-4.35,-1.594,"176,102","47,813,230,000"
AU0,2013/9/13,265.6,266.2,261.2,262.7,-5.85,-2.1784,"308,492","81,650,440,000"
AU0,2013/9/16,263.2,266.6,261.05,264.05,1.35,0.5139,"280,158","73,839,220,000"
AU0,2013/9/17,262,264.5,261.15,262.35,-1.7,-0.6438,"232,768","61,180,160,000"
AU0,2013/9/18,262.2,262.55,257.6,260.4,-1.95,-0.7433,"289,294","75,268,720,000"
AU0,2013/9/23,264.05,265.6,261.85,264.3,3.9,1.4977,"107,966","28,459,770,000"
AU0,2013/9/24,263.85,265.35,263,263.85,-0.45,-0.1703,"195,178","51,586,180,000"
AU0,2013/9/25,261,265.3,260.5,264.4,0.55,0.2084,"205,288","53,961,850,000"
AU0,2013/9/26,263.7,266.95,263.45,265.35,0.95,0.3593,"207,764","55,142,950,000"
AU0,2013/9/27,266.15,266.45,263.35,264.2,-1.15,-0.4334,"162,478","42,996,310,000"
AU0,2013/9/30,266.5,267.75,266,267.4,3.2,1.2112,"120,910","32,275,250,000"
AU0,2013/10/8,266.4,266.4,264,264.9,-2.5,-0.9349,"52,138","13,800,720,000"
AU0,2013/10/9,263.9,265.65,263.05,263.45,-1.45,-0.5474,"178,262","47,126,970,000"
AU0,2013/10/10,261.2,262.8,259.4,260.7,-2.75,-1.0438,"212,188","55,332,250,000"
AU0,2013/10/11,259.6,260.5,257.45,257.85,-2.85,-1.0932,"225,348","58,413,600,000"
AU0,2013/10/14,253.95,255.4,253,255.2,-2.65,-1.0277,"267,956","68,049,170,000"
AU0,2013/10/15,256.7,257.25,253.3,254.25,-0.95,-0.3723,"203,618","52,028,650,000"
AU0,2013/10/16,252.5,257.3,252.25,257.25,3,1.1799,"295,954","75,388,200,000"
AU0,2013/10/17,256.05,257.35,254,254.7,-2.55,-0.9913,"364,506","93,069,530,000"
AU0,2013/10/18,261.7,264.05,261.7,263.2,8.5,3.3373,"284,092","74,538,690,000"
AU0,2013/10/21,262.3,263.25,261.5,262.95,-0.25,-0.095,"178,192","46,730,560,000"
AU0,2013/10/22,262.25,262.85,261.45,262.05,-0.9,-0.3423,"152,296","39,938,540,000"
AU0,2013/10/23,264.3,266.85,264.15,265.1,3.05,1.1639,"226,200","60,059,080,000"
AU0,2013/10/24,264.9,266,264.25,265.7,0.6,0.2263,"154,532","40,943,540,000"
AU0,2013/10/25,265.7,266.6,264.4,264.6,-1.1,-0.414,"194,084","51,554,270,000"
AU0,2013/10/28,264.9,267,264.25,265.8,1.2,0.4535,"192,716","51,169,550,000"
AU0,2013/10/29,266.2,267.5,265.55,266.25,0.45,0.1693,"216,630","57,717,180,000"
AU0,2013/10/30,265.15,265.95,263.5,265.3,-0.95,-0.3568,"208,898","55,368,320,000"
AU0,2013/10/31,266.55,267.75,262.35,263.25,-2.05,-0.7727,"248,604","65,986,500,000"
AU0,2013/11/1,261.45,262.5,260.6,261.85,-1.4,-0.5318,"186,812","48,850,910,000"
AU0,2013/11/4,261.9,262.55,260.1,261.75,-0.1,-0.0382,"19,310","5,049,900,000"
AU0,2013/11/5,262.85,263.3,261.35,261.8,0.05,0.0191,"19,858","5,206,730,000"
AU0,2013/11/6,262.1,262.5,260.3,261.35,-0.45,-0.1719,"21,560","5,632,370,000"
AU0,2013/11/7,262.2,262.75,261.6,262.55,1.2,0.4591,"26,868","7,043,790,000"
AU0,2013/11/8,263.05,263.45,258.35,260.4,-2.15,-0.8189,"51,728","13,473,000,000"
AU0,2013/11/11,260.2,261,255.6,256.2,-4.2,-1.6129,"52,068","13,370,770,000"
AU0,2013/11/12,255.75,255.8,253.8,254.9,-1.3,-0.5074,"36,686","9,352,270,000"
AU0,2013/11/13,254.95,255.85,252.7,253.45,-1.45,-0.5688,"55,628","14,139,150,000"
AU0,2013/11/14,254.5,256.5,253.05,255.5,2.05,0.8088,"67,652","17,235,420,000"
AU0,2013/11/15,254.7,257.3,254.6,256.15,0.65,0.2544,"74,002","18,954,310,000"
AU0,2013/11/18,255.4,256.55,255.25,256.25,0.1,0.039,"45,590","11,672,370,000"
AU0,2013/11/19,255,255.7,252.5,253.2,-3.05,-1.1902,"78,710","19,989,780,000"
AU0,2013/11/20,253.95,254.2,253.15,254,0.8,0.316,"69,668","17,670,220,000"
AU0,2013/11/21,251.35,253,248.55,248.75,-5.25,-2.0669,"181,538","45,522,630,000"
AU0,2013/11/22,248.85,249.1,247.15,248.75,0,0,"162,690","40,391,410,000"
AU0,2013/11/25,249.1,249.35,245.25,245.75,-3,-1.206,"115,266","28,580,950,000"
AU0,2013/11/26,246.1,250.5,245.15,250.15,4.4,1.7904,"186,750","46,281,370,000"
AU0,2013/11/27,249,249.35,247.8,248.75,-1.4,-0.5597,"140,414","34,911,280,000"
AU0,2013/11/28,249.45,250.4,247,247.7,-1.05,-0.4221,"197,074","49,016,640,000"
AU0,2013/11/29,248.35,248.8,247.9,248.1,0.4,0.1615,"78,634","19,533,140,000"
AU0,2013/12/2,250.35,250.35,248.6,249.25,1.15,0.4635,"108,620","27,119,600,000"
AU0,2013/12/3,247.2,247.7,244.45,245.3,-3.95,-1.5848,"209,674","51,634,690,000"
AU0,2013/12/4,245.35,245.6,244.4,244.95,-0.35,-0.1427,"154,952","37,977,000,000"
AU0,2013/12/5,245.4,250.3,244.05,247.9,2.95,1.2043,"273,926","67,591,410,000"
AU0,2013/12/6,246.5,247.6,244.55,246,-1.9,-0.7664,"290,896","71,571,920,000"
AU0,2013/12/9,246,249.25,242.4,246.75,0.75,0.3049,"386,856","95,530,030,000"
AU0,2013/12/10,246.8,249.35,246.7,249.25,2.5,1.0132,"181,712","45,039,440,000"
AU0,2013/12/11,249.8,252.15,249.55,251,1.75,0.7021,"245,240","61,590,350,000"
AU0,2013/12/12,250.3,251.9,249.6,250.1,-0.9,-0.3586,"213,066","53,453,520,000"
AU0,2013/12/13,246.75,247.15,244.4,244.75,-5.35,-2.1391,"243,946","59,934,750,000"
AU0,2013/12/16,245.2,246.35,244.8,245.75,1,0.4086,"156,374","38,413,540,000"
AU0,2013/12/17,245.8,249.45,245.7,248,2.25,0.9156,"277,594","68,710,410,000"
AU0,2013/12/18,246.35,247.9,245.1,245.65,-2.35,-0.9476,"254,228","62,554,210,000"
AU0,2013/12/19,245.75,246.85,242.9,243.75,-1.9,-0.7735,"240,142","58,805,110,000"
AU0,2013/12/20,240.3,240.9,238.2,238.35,-5.4,-2.2154,"293,912","70,406,350,000"
AU0,2013/12/23,238.8,240.95,237.9,240.2,1.85,0.7762,"253,480","60,685,360,000"
AU0,2013/12/24,239.55,240.35,238.65,239,-1.2,-0.4996,"157,188","37,654,090,000"
AU0,2013/12/25,239.5,240.9,239.2,240.9,1.9,0.795,"87,886","21,086,320,000"
AU0,2013/12/26,240.95,241.05,240.2,240.6,-0.3,-0.1245,"50,696","12,195,890,000"
AU0,2013/12/27,240.65,243.2,240.6,242.85,2.25,0.9352,"161,428","39,099,440,000"
AU0,2013/12/30,242.5,243.85,241,241.05,-1.8,-0.7412,"154,926","37,609,520,000"
AU0,2013/12/31,240.55,241.8,238.6,239.4,-1.65,-0.6845,"153,486","36,905,750,000"
AU0,2014/1/2,241.1,244.9,241.1,244.45,5.05,2.1094,"118,110","28,745,620,000"
AU0,2014/1/3,242.95,247,242.8,246.4,1.95,0.7977,"232,996","57,014,970,000"
AU0,2014/1/6,245.5,248.35,244.65,246.9,0.5,0.2029,"240,660","59,294,380,000"
AU0,2014/1/7,246.4,248.35,245.95,246.95,0.05,0.0203,"248,470","61,405,690,000"
AU0,2014/1/8,246,246.6,243.6,243.8,-3.15,-1.2756,"224,318","54,901,870,000"
AU0,2014/1/9,244.55,244.95,242.3,243.75,-0.05,-0.0205,"220,080","53,545,910,000"
AU0,2014/1/10,244.35,245.75,242.85,244.9,1.15,0.4718,"208,674","50,916,410,000"
AU0,2014/1/13,244.95,249.2,243.7,247.45,2.55,1.0412,"237,260","58,576,140,000"
AU0,2014/1/14,247,248.5,246.3,247.7,0.25,0.101,"136,442","33,749,930,000"
AU0,2014/1/15,246.9,248.05,245.05,245.5,-2.2,-0.8882,"186,624","46,026,200,000"
AU0,2014/1/16,244.8,246.2,244.4,245.75,0.25,0.1018,"151,294","37,094,290,000"
AU0,2014/1/17,245.05,246.4,244.75,245.95,0.2,0.0814,"134,636","33,068,090,000"
AU0,2014/1/20,245.5,248.45,245.4,248,2.05,0.8335,"155,776","38,489,510,000"
AU0,2014/1/21,248.05,248.25,246.95,247.4,-0.6,-0.2419,"82,594","20,451,500,000"
AU0,2014/1/22,245.75,245.95,244.25,245,-2.4,-0.9701,"148,848","36,473,160,000"
AU0,2014/1/23,245.15,245.5,243.2,244.4,-0.6,-0.2449,"109,506","26,770,230,000"
AU0,2014/1/24,246.55,248.8,246.25,248.25,3.85,1.5753,"218,122","54,052,610,000"
AU0,2014/1/27,249.8,250.95,248.3,249.6,1.35,0.5438,"217,486","54,303,730,000"
AU0,2014/1/28,248.95,249.25,247.2,247.85,-1.75,-0.7011,"159,604","39,621,250,000"
AU0,2014/1/29,247.6,248.7,245.9,247.55,-0.3,-0.121,"121,984","30,135,300,000"
AU0,2014/1/30,248.6,249.45,247.8,247.95,0.4,0.1616,"117,008","29,104,810,000"
AU0,2014/2/7,247.45,249,247.25,248.7,0.75,0.3025,"40,598","10,074,460,000"
AU0,2014/2/10,248.75,251.25,247.4,250.9,2.2,0.8846,"200,164","49,928,410,000"
AU0,2014/2/11,251.3,253.5,250.95,252.7,1.8,0.7174,"171,570","43,231,890,000"
AU0,2014/2/12,253.35,254,251.2,253.1,0.4,0.1583,"243,382","61,505,640,000"
AU0,2014/2/13,253.7,254.4,253.05,253.55,0.45,0.1778,"173,506","44,014,830,000"
AU0,2014/2/14,254,256.9,253.7,256.85,3.3,1.3015,"225,364","57,478,480,000"
AU0,2014/2/17,258.4,262.6,258,261.2,4.35,1.6936,"296,796","77,182,100,000"
AU0,2014/2/18,261.05,261.5,258.5,259.1,-2.1,-0.804,"174,716","45,475,060,000"
AU0,2014/2/19,258.4,260.4,258.1,259.35,0.25,0.0965,"189,944","49,273,670,000"
AU0,2014/2/20,259.2,260.1,257.45,258.5,-0.85,-0.3277,"162,688","42,137,820,000"
AU0,2014/2/21,258,259.95,257.6,259.55,1.05,0.4062,"177,756","46,018,810,000"
AU0,2014/2/24,260.1,261.6,259.1,261.45,1.9,0.732,"199,020","51,809,390,000"
AU0,2014/2/25,262.5,263.5,261.45,262.85,1.4,0.5355,"246,210","64,664,340,000"
AU0,2014/2/26,263,265.85,262.75,265,2.15,0.818,"276,180","72,963,390,000"
AU0,2014/2/27,263.1,263.6,260.9,261.85,-3.15,-1.1887,"305,512","80,138,380,000"
AU0,2014/2/28,262.25,263.45,261.9,262.55,0.7,0.2673,"198,910","52,240,130,000"
AU0,2014/3/3,262.95,266,260.9,265.55,3,1.1426,"264,074","69,608,440,000"
AU0,2014/3/4,265.8,267.5,263.55,263.95,-1.6,-0.6025,"267,996","71,291,280,000"
AU0,2014/3/5,263.2,264.1,262.65,263.15,-0.8,-0.3031,"202,152","53,239,100,000"
AU0,2014/3/6,263.3,264.5,262.4,262.75,-0.4,-0.152,"204,746","53,944,060,000"
AU0,2014/3/7,262.65,266,262.6,265.55,2.8,1.0656,"245,962","65,081,750,000"
AU0,2014/3/10,265.3,266.55,259.25,261.35,-4.2,-1.5816,"415,294","108,934,760,000"
AU0,2014/3/11,262.45,264.3,261.9,263.45,2.1,0.8035,"192,698","50,671,560,000"
AU0,2014/3/12,265,268.2,262.2,266.9,3.45,1.3095,"322,548","85,553,680,000"
AU0,2014/3/13,268.45,271,267.85,269.7,2.8,1.0491,"274,482","73,893,030,000"
AU0,2014/3/14,268.65,270.95,268.5,269.5,-0.2,-0.0742,"216,410","58,349,230,000"
AU0,2014/3/17,272.2,273.4,270.3,272.65,3.15,1.1688,"303,390","82,537,140,000"
AU0,2014/3/18,272,272.45,267.35,268.6,-4.05,-1.4854,"302,786","81,756,420,000"
AU0,2014/3/19,266.35,268.6,266.2,267.65,-0.95,-0.3537,"216,068","57,823,090,000"
AU0,2014/3/20,265.45,267,263.5,264.8,-2.85,-1.0648,"409,676","108,685,570,000"
AU0,2014/3/21,263.4,265.85,263.3,264.85,0.05,0.0189,"223,730","59,212,040,000"
AU0,2014/3/24,265.95,266.35,263.1,263.35,-1.5,-0.5664,"215,208","57,018,790,000"
AU0,2014/3/25,261.5,262.3,260.15,260.95,-2.4,-0.9113,"263,462","68,794,740,000"
AU0,2014/3/26,260.05,261.9,260,261.4,0.45,0.1724,"196,026","51,165,350,000"
AU0,2014/3/27,261,261,258.8,259.3,-2.1,-0.8034,"240,074","62,357,900,000"
AU0,2014/3/28,257.85,259.15,257.35,259,-0.3,-0.1157,"212,950","55,002,650,000"
AU0,2014/3/31,258,259.9,257.2,258.35,-0.65,-0.251,"249,768","64,622,400,000"
AU0,2014/4/1,258.15,258.95,255.8,256.9,-1.45,-0.5613,"235,714","60,720,370,000"
AU0,2014/4/2,257,257.5,256,257.35,0.45,0.1752,"160,090","41,109,910,000"
AU0,2014/4/3,258.7,259.1,258.05,258.8,1.45,0.5634,"151,390","39,155,570,000"
AU0,2014/4/4,257.5,258,256.75,257.95,-0.85,-0.3284,"134,654","34,659,590,000"
AU0,2014/4/8,259.8,262.2,259.7,261.85,3.9,1.5119,"88,632","23,136,320,000"
AU0,2014/4/9,262.5,262.8,261.55,262.05,0.2,0.0764,"137,246","35,974,270,000"
AU0,2014/4/10,260.5,263.3,259.9,263.1,1.05,0.4007,"156,156","40,821,290,000"
AU0,2014/4/11,263.05,263.9,262.6,262.7,-0.4,-0.152,"162,778","42,852,480,000"
AU0,2014/4/14,262.9,265.4,262.65,265.1,2.4,0.9136,"158,810","41,888,430,000"
AU0,2014/4/15,264.4,265.55,261.7,261.8,-3.3,-1.2448,"191,604","50,581,080,000"
AU0,2014/4/16,258.2,260.15,257.9,259.4,-2.4,-0.9167,"295,286","76,487,860,000"
AU0,2014/4/17,260.1,260.35,258.5,258.6,-0.8,-0.3084,"152,300","39,523,190,000"
AU0,2014/4/18,259.35,259.6,257.5,258.15,-0.45,-0.174,"179,980","46,525,700,000"
AU0,2014/4/21,258.05,258.7,255.05,256.3,-1.85,-0.7166,"126,312","32,392,980,000"
AU0,2014/4/22,256.5,257.9,255.6,257.7,1.4,0.5462,"195,600","50,189,190,000"
AU0,2014/4/23,257.35,257.45,255.25,256.9,-0.8,-0.3104,"195,116","50,043,620,000"
AU0,2014/4/24,257,257.25,255.95,256.8,-0.1,-0.0389,"153,280","39,335,740,000"
AU0,2014/4/25,254.6,268.95,254.35,258.75,1.95,0.7594,"337,374","87,076,130,000"
AU0,2014/4/28,260.15,262.7,259.9,262.1,3.35,1.2947,"226,426","59,171,390,000"
AU0,2014/4/29,262,262.25,259.85,259.95,-2.15,-0.8203,"186,698","48,690,740,000"
AU0,2014/4/30,260.3,261.5,260.05,260.35,0.4,0.1539,"131,958","34,404,980,000"
AU0,2014/5/5,262.3,263.5,262.3,263.3,2.95,1.1331,"47,978","12,619,880,000"
AU0,2014/5/6,265.75,265.9,264.15,264.55,1.25,0.4747,"45,998","12,181,810,000"
AU0,2014/5/7,263.95,264.6,263.4,264,-0.55,-0.2079,"28,472","7,517,650,000"
AU0,2014/5/8,262.75,263.05,259.9,260.25,-3.75,-1.4205,"64,260","16,789,590,000"
AU0,2014/5/9,259.6,260.4,259.15,259.95,-0.3,-0.1153,"57,486","14,935,080,000"
AU0,2014/5/12,259.65,260.2,258.7,259.75,-0.2,-0.0769,"82,684","21,458,200,000"
AU0,2014/5/13,262.2,262.7,260.35,260.4,0.65,0.2502,"90,926","23,788,110,000"
AU0,2014/5/14,261.5,261.6,260.15,260.8,0.4,0.1536,"95,030","24,793,160,000"
AU0,2014/5/15,263.2,263.2,261.45,261.9,1.1,0.4218,"135,242","35,478,400,000"
AU0,2014/5/16,260.3,261.85,260.25,260.5,-1.4,-0.5346,"145,748","38,019,600,000"
AU0,2014/5/19,259.85,261.6,259.6,261.3,0.8,0.3071,"121,616","31,675,830,000"
AU0,2014/5/20,262.5,262.55,259.1,260,-1.3,-0.4975,"135,134","35,274,050,000"
AU0,2014/5/21,259.65,261.35,259.3,260.45,0.45,0.1731,"137,162","35,754,410,000"
AU0,2014/5/22,259.65,261.3,258.8,261,0.55,0.2112,"165,966","43,158,730,000"
AU0,2014/5/23,262,262,260.45,261,0,0,"116,272","30,366,310,000"
AU0,2014/5/26,260.45,261.1,260.3,260.65,-0.35,-0.1341,"82,800","21,587,390,000"
AU0,2014/5/27,260.65,260.85,258.9,259.1,-1.55,-0.5947,"93,928","24,412,360,000"
AU0,2014/5/28,257.5,257.9,254.8,255.15,-3.95,-1.5245,"276,772","70,899,770,000"
AU0,2014/5/29,255.6,255.6,252.2,252.35,-2.8,-1.0974,"219,674","55,827,410,000"
AU0,2014/5/30,252.9,253.85,252.4,253.3,0.95,0.3765,"171,250","43,335,930,000"
AU0,2014/6/3,250.85,251.5,249.4,251.3,-2,-0.7896,"74,424","18,653,840,000"
AU0,2014/6/4,251,251.65,250.15,251.4,0.1,0.0398,"137,160","34,406,490,000"
AU0,2014/6/5,251.5,251.8,250.65,251.15,-0.25,-0.0994,"118,954","29,887,430,000"
AU0,2014/6/6,252.9,253.95,252.05,253.55,2.4,0.9556,"182,546","46,192,470,000"
AU0,2014/6/9,253.55,253.75,251.75,252.9,-0.65,-0.2564,"176,512","44,595,660,000"
AU0,2014/6/10,252.8,253.2,252.5,252.6,-0.3,-0.1186,"90,714","22,928,400,000"
AU0,2014/6/11,253.6,254.3,253.35,254.2,1.6,0.6334,"94,510","23,977,720,000"
AU0,2014/6/12,254.35,254.4,253.45,253.7,-0.5,-0.1967,"76,428","19,402,050,000"
AU0,2014/6/13,254.45,256.35,254.15,255.75,2.05,0.808,"176,702","45,106,060,000"
AU0,2014/6/16,255.45,258.15,255.3,257.9,2.15,0.8407,"126,882","32,570,680,000"
AU0,2014/6/17,257.6,257.6,254.4,254.65,-3.25,-1.2602,"152,206","38,967,890,000"
AU0,2014/6/18,254.2,255.95,254.05,255,0.35,0.1374,"128,858","32,885,490,000"
AU0,2014/6/19,255.65,258.1,255.05,257.85,2.85,1.1176,"144,764","37,117,050,000"
AU0,2014/6/20,259,267,258.85,264.55,6.7,2.5984,"364,114","95,585,920,000"
AU0,2014/6/23,264.65,266.3,264.1,265.8,1.25,0.4725,"193,844","51,391,170,000"
AU0,2014/6/24,265.8,265.9,264.8,265.3,-0.5,-0.1881,"131,144","34,805,180,000"
AU0,2014/6/25,266.2,266.6,263.35,264.5,-0.8,-0.3015,"180,112","47,768,880,000"
AU0,2014/6/26,265.2,266.25,264.2,264.3,-0.2,-0.0756,"153,746","40,743,730,000"
AU0,2014/6/27,264.25,265.65,263.4,265.15,0.85,0.3216,"160,444","42,429,550,000"
AU0,2014/6/30,264.55,265.2,263.8,263.9,-1.25,-0.4714,"111,866","29,597,320,000"
AU0,2014/7/1,263.8,269.1,263.6,265.6,1.7,0.6442,"151,054","40,096,670,000"
AU0,2014/7/2,265.85,266.8,265.3,265.95,0.35,0.1318,"132,040","35,126,050,000"
AU0,2014/7/3,266.1,267.1,264.65,265.2,-0.75,-0.282,"140,656","37,419,760,000"
AU0,2014/7/4,264,265.6,263.8,265.35,0.15,0.0566,"134,650","35,663,940,000"
AU0,2014/7/7,265.5,265.55,262.5,262.9,-2.45,-0.9233,"106,164","28,016,320,000"
AU0,2014/7/8,263.35,264.4,262.4,264.15,1.25,0.4755,"93,344","24,600,160,000"
AU0,2014/7/9,264.65,265.45,262.9,265.25,1.1,0.4164,"161,800","42,747,320,000"
AU0,2014/7/10,265.5,266.65,264.55,266.05,0.8,0.3016,"151,388","40,203,890,000"
AU0,2014/7/11,268.25,269.35,268.05,268.4,2.35,0.8833,"137,356","36,907,900,000"
AU0,2014/7/14,268.55,268.9,264,264.3,-4.1,-1.5276,"150,374","40,118,600,000"
AU0,2014/7/15,263.1,263.1,261.2,262.45,-1.85,-0.7,"151,358","39,641,130,000"
AU0,2014/7/16,262.2,263.2,259,260,-2.45,-0.9335,"173,478","45,245,100,000"
AU0,2014/7/17,260.5,262.35,260.1,261.5,1.5,0.5769,"121,844","31,822,810,000"
AU0,2014/7/18,261.7,266.45,261,263.25,1.75,0.6692,"217,794","57,336,900,000"
AU0,2014/7/21,262.35,263.3,261.45,263.3,0.05,0.019,"128,894","33,808,940,000"
AU0,2014/7/22,263.45,263.6,261.55,262.1,-1.2,-0.4557,"110,756","29,100,010,000"
AU0,2014/7/23,263.1,263.3,261.3,261.9,-0.2,-0.0763,"117,582","30,831,850,000"
AU0,2014/7/24,262.4,262.4,259.15,260,-1.9,-0.7255,"143,250","37,350,260,000"
AU0,2014/7/25,260.2,260.4,257.75,258.5,-1.5,-0.5769,"180,196","46,604,600,000"
AU0,2014/7/28,258.8,261.45,258.55,260.9,2.4,0.9284,"142,462","37,067,030,000"
AU0,2014/7/29,260.8,261.4,259.95,260.95,0.05,0.0192,"86,192","22,475,110,000"
AU0,2014/7/30,262,262.15,259.2,259.75,-1.2,-0.4599,"118,494","30,821,690,000"
AU0,2014/7/31,259.7,259.75,258.05,259,-0.75,-0.2887,"126,390","32,719,510,000"
AU0,2014/8/1,257.4,257.95,256.25,256.6,-2.4,-0.9266,"141,776","36,450,050,000"
AU0,2014/8/4,257.4,259.55,257.3,258.9,2.3,0.8963,"132,296","34,232,220,000"
AU0,2014/8/5,258.5,259.1,257.4,258.1,-0.8,-0.309,"96,448","24,891,740,000"
AU0,2014/8/6,257.6,258.8,256.5,257.9,-0.2,-0.0775,"124,514","32,043,610,000"
AU0,2014/8/7,259.9,261,259.85,260.5,2.6,1.0081,"155,574","40,540,210,000"
AU0,2014/8/8,260.2,263.5,259.8,262.85,2.35,0.9021,"221,156","57,834,920,000"
AU0,2014/8/11,261,262,260.1,260.55,-2.3,-0.875,"142,758",0
AU0,2014/8/12,260.75,261.1,260.4,261,0.45,0.1727,"86,940",0
AU0,2014/8/13,262.1,262.5,260.65,261.05,0.05,0.0192,"134,404",0
AU0,2014/8/14,261.55,262,260.75,261.65,0.6,0.2298,"132,548",0
AU0,2014/8/15,261.95,261.95,260.9,261.4,-0.25,-0.0955,"105,380",0
AU0,2014/8/18,258.2,261,257.45,258.9,-2.5,-0.9564,"242,636",0
AU0,2014/8/19,258.3,258.7,257.85,258.15,-0.75,-0.2897,"96,908",0
AU0,2014/8/20,258.1,258.35,257.05,257.75,-0.4,-0.1549,"122,570",0
AU0,2014/8/21,257.7,258.1,254.45,254.55,-3.2,-1.2415,"182,704",0
AU0,2014/8/22,253.9,255.35,253.6,255.1,0.55,0.2161,"144,324",0
AU0,2014/8/25,254.65,255.55,254.25,254.55,-0.55,-0.2156,"127,490",0
AU0,2014/8/26,254.8,257.25,254.35,257,2.45,0.9625,"119,032",0
AU0,2014/8/27,256.85,256.85,255.5,255.95,-1.05,-0.4086,"100,634",0
AU0,2014/8/28,256.05,256.7,255.1,256.3,0.35,0.1367,"107,500",0
AU0,2014/8/29,257.2,257.3,256.05,256.75,0.45,0.1756,"94,176",0
AU0,2014/9/1,256.15,256.85,255.65,256.15,-0.6,-0.2337,"85,460",0
AU0,2014/9/2,256,256.05,253.5,253.75,-2.4,-0.9369,"93,350",0
AU0,2014/9/3,252.35,252.7,251.4,252.3,-1.45,-0.5714,"128,502",0
AU0,2014/9/4,251.9,253.25,251.75,252.45,0.15,0.0595,"78,672",0
AU0,2014/9/5,252.1,254.15,251,251.4,-1.05,-0.4159,"163,662",0
AU0,2014/9/9,250,250.45,249.35,249.65,-1.75,-0.6961,"59,662",0
AU0,2014/9/10,249.3,249.9,247.7,249.55,-0.1,-0.0401,"135,338",0
AU0,2014/9/11,248,249,247.2,248.15,-1.4,-0.561,"145,674",0
AU0,2014/9/12,247.3,247.85,244.85,246.25,-1.9,-0.7657,"198,534",0
AU0,2014/9/15,245.5,245.85,244.05,245.7,-0.55,-0.2234,"162,102",0
AU0,2014/9/16,245.8,247.05,245.35,246.45,0.75,0.3053,"119,940",0
AU0,2014/9/17,246.2,247.7,245.6,246.85,0.4,0.1623,"144,234",0
AU0,2014/9/18,246.75,247.3,243.8,244.3,-2.55,-1.033,"140,466",0
AU0,2014/9/19,243.7,245.25,243.1,243.7,-0.6,-0.2456,"217,886",0
AU0,2014/9/22,244.4,244.4,239.35,241.3,-2.4,-0.9848,"281,546",0
AU0,2014/9/23,241.2,242.7,240.7,241.8,0.5,0.2072,"159,356",0
AU0,2014/9/24,243.65,244.1,242.4,243.6,1.8,0.7444,"148,156",0
AU0,2014/9/25,242.85,243.5,240.15,240.65,-2.95,-1.211,"190,080",0
AU0,2014/9/26,241,245.6,240.25,244.2,3.55,1.4752,"226,368",0
AU0,2014/9/29,241.95,244,241.5,242.9,-1.3,-0.5324,"113,038",0
AU0,2014/9/30,243.35,243.8,242.6,242.85,-0.05,-0.0206,"69,364",0
AU0,2014/10/8,241.9,242.55,241.3,242.35,-0.5,-0.2059,"62,264",0
AU0,2014/10/9,242.5,244.35,240.2,243.95,1.6,0.6602,"217,558",0
AU0,2014/10/10,244.15,244.5,242.8,243,-0.95,-0.3894,"173,212",0
AU0,2014/10/13,242.85,246.2,242.5,245.15,2.15,0.8848,"173,238",0
AU0,2014/10/14,244.4,245.8,243.95,244.9,-0.25,-0.102,"100,376",0
AU0,2014/10/15,245.15,245.45,243.1,243.2,-1.7,-0.6942,"143,484",0
AU0,2014/10/16,245.7,247.6,244.8,246.6,3.4,1.398,"254,780",0
AU0,2014/10/17,245.3,246.45,245.05,245.8,-0.8,-0.3244,"163,722",0
AU0,2014/10/20,245.6,246.1,244.4,245.8,0,0,"132,482",0
AU0,2014/10/21,246.6,247.3,246.1,247,1.2,0.4882,"117,982",0
AU0,2014/10/22,247.5,248.1,246.7,246.95,-0.05,-0.0202,"118,338",0
AU0,2014/10/23,245.45,246.7,245.4,245.95,-1,-0.4049,"110,200",0
AU0,2014/10/24,244.8,244.8,243.05,243.8,-2.15,-0.8742,"145,710",0
AU0,2014/10/27,243.6,244,243.15,243.2,-0.6,-0.2461,"86,954",0
AU0,2014/10/28,243.35,243.45,242.3,242.55,-0.65,-0.2673,"104,240",0
AU0,2014/10/29,243.25,244.15,242.7,242.95,0.4,0.1649,"103,664",0
AU0,2014/10/30,241.5,242.45,237.55,238.1,-4.85,-1.9963,"237,888",0
AU0,2014/10/31,237.9,238.5,232.45,233.45,-4.65,-1.953,"327,624",0
AU0,2014/11/3,229.1,230.9,227.85,229.9,-3.55,-1.5207,"238,672",0
AU0,2014/11/4,231.1,231.4,230.1,230.85,0.95,0.4132,"53,094",0
AU0,2014/11/5,230.55,231.2,225.15,225.5,-5.35,-2.3175,"139,648",0
AU0,2014/11/6,224,227,223.6,225.9,0.4,0.1774,"146,924",0
AU0,2014/11/7,225.65,227.2,223.65,226.5,0.6,0.2656,"206,300",0
AU0,2014/11/10,226.8,235,226.6,232.05,5.55,2.4503,"354,332",0
AU0,2014/11/11,230.6,231.45,227.75,228.1,-3.95,-1.7022,"179,758",0
AU0,2014/11/12,228.8,234.55,228.5,231.75,3.65,1.6002,"237,752",0
AU0,2014/11/13,230.85,232.15,229.55,230.25,-1.5,-0.6472,"177,500",0
AU0,2014/11/14,230.75,231.7,227.35,228.65,-1.6,-0.6949,"276,634",0
AU0,2014/11/17,228.3,237.9,227,236,7.35,3.2145,"623,698",0
AU0,2014/11/18,235.95,237,235,236.05,0.05,0.0212,"240,332",0
AU0,2014/11/19,237.8,237.9,235.95,236.8,0.75,0.3177,"228,922",0
AU0,2014/11/20,236.9,238.2,232.65,234.3,-2.5,-1.0557,"444,058",0
AU0,2014/11/21,236.25,236.9,235.1,236.6,2.3,0.9816,"232,652",0
AU0,2014/11/24,237.35,239.85,236.3,238.4,1.8,0.7608,"342,456",0
AU0,2014/11/25,237.65,239,237.3,238.6,0.2,0.0839,"190,204",0
AU0,2014/11/26,238.45,239.35,235.4,238.3,-0.3,-0.1257,"293,758",0
AU0,2014/11/27,237.7,238.4,236.5,237.85,-0.45,-0.1888,"221,970",0
AU0,2014/11/28,237.35,237.8,235.2,236.05,-1.8,-0.7568,"169,358",0
AU0,2014/12/1,235.7,236.5,227.35,229.35,-6.7,-2.8384,"383,938",0
AU0,2014/12/2,233.5,242.95,233.5,240.35,11,4.7962,"540,948",0
AU0,2014/12/3,237.9,240.4,237.65,239.5,-0.85,-0.3537,"324,594",0
AU0,2014/12/4,239.9,242.35,239.6,240.65,1.15,0.4802,"260,480",0
AU0,2014/12/5,240.45,242.3,239.7,240.3,-0.35,-0.1454,"289,044",0
AU0,2014/12/8,240,241.25,237,238.15,-2.15,-0.8947,"328,006",0
AU0,2014/12/9,238.55,242.1,238.2,242,3.85,1.6166,"204,642",0
AU0,2014/12/10,243,249.8,242.95,248.05,6.05,2.5,"567,346",0
AU0,2014/12/11,247.2,248,244.8,245.4,-2.65,-1.0683,"316,142",0
AU0,2014/12/12,245.2,247.2,243.85,244.8,-0.6,-0.2445,"246,862",0
AU0,2014/12/15,245.6,246.35,243.35,244.95,0.15,0.0613,"296,532",0
AU0,2014/12/16,242.95,244.35,239.55,240.6,-4.35,-1.7759,"286,078",0
AU0,2014/12/17,244.4,245,237.95,240.7,0.1,0.0416,"458,098",0
AU0,2014/12/18,240.65,242.4,238.95,241.7,1,0.4155,"284,400",0
AU0,2014/12/19,242.6,243.4,240.65,242.5,0.8,0.331,"244,150",0
AU0,2014/12/22,242.1,242.7,241.8,242.15,-0.35,-0.1443,"126,462",0
AU0,2014/12/23,241.15,242.05,237.35,238.55,-3.6,-1.4867,"213,230",0
AU0,2014/12/24,238.45,239,237.4,238.5,-0.05,-0.021,"182,810",0
AU0,2014/12/25,238.1,238.4,237.4,238.05,-0.45,-0.1887,"85,694",0
AU0,2014/12/26,238.3,240,237.7,239.5,1.45,0.6091,"79,378",0
AU0,2014/12/29,241.6,242.1,240.4,241.6,2.1,0.8768,"144,430",0
AU0,2014/12/30,241.1,241.65,238.8,240,-1.6,-0.6623,"161,936",0
AU0,2014/12/31,239.25,244.8,239.25,241.65,1.65,0.6875,"232,960",0
AU0,2015/1/5,240,242.5,240,242.15,0.5,0.2069,"61,846",0
AU0,2015/1/6,240.95,245,240.35,244.45,2.3,0.9498,"237,512",0
AU0,2015/1/7,244.7,247.3,243.8,245.25,0.8,0.3273,"237,538",0
AU0,2015/1/8,245.2,246.2,244.3,244.5,-0.75,-0.3058,"176,986",0
AU0,2015/1/9,245,246.15,244.55,245.15,0.65,0.2658,"148,366",0
AU0,2015/1/12,244.7,248.7,243.95,247.75,2.6,1.0606,"271,728",0
AU0,2015/1/13,246.35,250,246,249,1.25,0.5045,"197,054",0
AU0,2015/1/14,249.5,250.5,246.3,247.9,-1.1,-0.4418,"249,476",0
AU0,2015/1/15,248,250.1,246.35,246.75,-1.15,-0.4639,"288,116",0
AU0,2015/1/16,251.85,253.75,251,253.65,6.9,2.7964,"403,772",0
AU0,2015/1/19,253.8,259,253.5,257.85,4.2,1.6558,"381,174",0
AU0,2015/1/20,258,258.3,256.85,257.65,-0.2,-0.0776,"139,018",0
AU0,2015/1/21,260.55,263,259.15,262.2,4.55,1.766,"294,908",0
AU0,2015/1/22,262.15,263.2,258.05,259.05,-3.15,-1.2014,"349,310",0
AU0,2015/1/23,259.55,262.85,258.95,261.4,2.35,0.9072,"380,550",0
AU0,2015/1/26,261.6,262.55,259.25,261.6,0.2,0.0765,"237,780",0
AU0,2015/1/27,259.85,260.6,258.3,259.9,-1.7,-0.6499,"225,122",0
AU0,2015/1/28,259.75,261.95,259.05,260.8,0.9,0.3463,"219,708",0
AU0,2015/1/29,261.2,261.75,258.6,259.3,-1.5,-0.5752,"204,518",0
AU0,2015/1/30,256.55,257.7,252.75,255.05,-4.25,-1.639,"332,588",0
AU0,2015/2/2,255.8,260,254.6,259.1,4.05,1.5879,"291,006",0
AU0,2015/2/3,258,259.6,256.75,259.4,0.3,0.1158,"212,940",0
AU0,2015/2/4,258,258.2,254.9,256.35,-3.05,-1.1758,"288,614",0
AU0,2015/2/5,257,258.3,255.3,257.5,1.15,0.4486,"232,176",0
AU0,2015/2/6,256.05,256.85,255,256.7,-0.8,-0.3107,"178,268",0
AU0,2015/2/9,256.25,260.25,249.7,251.4,-5.3,-2.0647,"419,660",0
AU0,2015/2/10,251.45,252.4,250.6,252.05,0.65,0.2586,"140,404",0
AU0,2015/2/11,251.15,251.45,250,250.8,-1.25,-0.4959,"163,350",0
AU0,2015/2/12,250.7,250.85,247.35,247.85,-2.95,-1.1762,"204,948",0
AU0,2015/2/13,248.25,249.65,247.55,249.45,1.6,0.6455,"179,138",0
AU0,2015/2/16,248.55,250.75,248.45,250.3,0.85,0.3408,"142,798",0
AU0,2015/2/17,250.15,250.75,248.8,249,-1.3,-0.5194,"70,090",0
AU0,2015/2/25,245.5,246.55,245.5,246.3,-2.7,-1.0843,"38,726",0
AU0,2015/2/26,245.85,246.75,244.1,246.45,0.15,0.0609,"127,444",0
AU0,2015/2/27,247.5,248.15,245.7,246.65,0.2,0.0812,"137,716",0
AU0,2015/3/2,246.3,249.75,246.3,249.3,2.65,1.0744,"206,588",0
AU0,2015/3/3,248.4,249.05,243.85,247.05,-2.25,-0.9025,"234,398",0
AU0,2015/3/4,247.4,248.35,245.75,246.7,-0.35,-0.1417,"198,668",0
AU0,2015/3/5,246.35,246.9,245,245.65,-1.05,-0.4256,"162,428",0
AU0,2015/3/6,245.4,246.9,244.4,245,-0.65,-0.2646,"147,354",0
AU0,2015/3/9,244.65,244.85,238.25,239.9,-5.1,-2.0816,"327,884",0
AU0,2015/3/10,239.65,240.3,237.1,237.5,-2.4,-1.0004,"153,080",0
AU0,2015/3/11,238.7,239.4,237.2,238.25,0.75,0.3158,"175,340",0
AU0,2015/3/12,237.45,238.8,235.05,238.4,0.15,0.063,"251,356",0
AU0,2015/3/13,236.85,237.9,235.75,237.2,-1.2,-0.5034,"145,612",0
AU0,2015/3/16,237.5,238.3,236.05,238,0.8,0.3373,"152,944",0
AU0,2015/3/17,236.4,237.25,235.65,236.25,-1.75,-0.7353,"155,364",0
AU0,2015/3/18,235.1,241.35,224.5,233.65,-2.6,-1.1005,"334,944",0
AU0,2015/3/19,233.3,239.55,233.3,237.75,4.1,1.7548,"228,062",0
AU0,2015/3/20,235.75,238.15,235.75,237.4,-0.35,-0.1472,"176,958",0
AU0,2015/3/23,236.95,241.1,236.95,240.1,2.7,1.1373,"229,898",0
AU0,2015/3/24,240.2,241.9,239.8,241.1,1,0.4165,"167,166",0
AU0,2015/3/25,241.85,242.55,240.5,241.15,0.05,0.0207,"262,864",0
AU0,2015/3/26,243,243.95,242.1,243.9,2.75,1.1404,"169,740",0
AU0,2015/3/27,243.85,244.25,242.75,243.25,-0.65,-0.2665,"156,580",0
AU0,2015/3/30,242.8,243.15,240.3,240.4,-2.85,-1.1716,"199,746",0
AU0,2015/3/31,239.3,239.9,237.85,237.85,-2.55,-1.0607,"175,542",0
AU0,2015/4/1,239.3,239.65,237.75,238.35,0.5,0.2102,"165,432",0
AU0,2015/4/2,239.95,243.05,239.5,242.95,4.6,1.9299,"244,050",0
AU0,2015/4/3,242.4,242.65,240.2,241.75,-1.2,-0.4939,"173,668",0
AU0,2015/4/7,243.15,244.1,243.15,243.9,2.15,0.8893,"48,968",0
AU0,2015/4/8,243.5,244.2,242.65,243.75,-0.15,-0.0615,"123,654",0
AU0,2015/4/9,243,243.65,239.7,240.5,-3.25,-1.3333,"185,616",0
AU0,2015/4/10,240.9,241.2,239.5,240.25,-0.25,-0.104,"134,150",0
AU0,2015/4/13,242.4,243.6,242,242.65,2.4,0.999,"166,920",0
AU0,2015/4/14,242.65,243.05,239.15,240.15,-2.5,-1.0303,"172,328",0
AU0,2015/4/15,239.2,242.7,239.05,240.1,-0.05,-0.0208,"159,376",0
AU0,2015/4/16,240.1,242.6,239.8,241.75,1.65,0.6872,"162,448",0
AU0,2015/4/17,242.05,242.15,239.85,240.85,-0.9,-0.3723,"162,154",0
AU0,2015/4/20,241.3,242.9,240.95,242.75,1.9,0.7889,"141,530",0
AU0,2015/4/21,240.45,241.2,239.45,239.9,-2.85,-1.1741,"167,564",0
AU0,2015/4/22,241.05,241.65,240,241.2,1.3,0.5419,"139,054",0
AU0,2015/4/23,240.4,240.45,236.95,237.4,-3.8,-1.5755,"275,116",0
AU0,2015/4/24,237.65,239.4,237.2,238.9,1.5,0.6318,"156,290",0
AU0,2015/4/27,237.6,238.1,235.5,236.55,-2.35,-0.9837,"211,312",0
AU0,2015/4/28,237.65,242.5,237.35,240.75,4.2,1.7755,"264,478",0
AU0,2015/4/29,241.5,243.65,240.85,242.45,1.7,0.7061,"191,776",0
AU0,2015/4/30,242.3,243.15,240.5,241.2,-1.25,-0.5156,"179,948",0
AU0,2015/5/4,236.55,237.95,236,237.55,-3.65,-1.5133,"60,848",0
AU0,2015/5/5,237.65,240,237.65,238.5,0.95,0.3999,"107,084",0
AU0,2015/5/6,240.5,240.65,239,239.75,1.25,0.5241,"103,940",0
AU0,2015/5/7,243.4,243.6,240.05,240.05,0.3,0.1251,"45,224",0
AU0,2015/5/8,240,241.5,239.25,241.05,1,0.4166,"42,984",0
AU0,2015/5/11,241.8,242.4,240.5,241.15,0.1,0.0415,"49,412",0
AU0,2015/5/12,241.65,242.2,239.5,240.6,-0.55,-0.2281,"48,302",0
AU0,2015/5/13,243.2,243.3,241.35,242.7,2.1,0.8728,"59,310",0
AU0,2015/5/14,244.6,247.45,244.15,247.15,4.45,1.8335,"155,688",0
AU0,2015/5/15,247.5,248.8,246.55,247.45,0.3,0.1214,"146,534",0
AU0,2015/5/18,246.55,250.15,246.3,249.2,1.75,0.7072,"148,128",0
AU0,2015/5/19,249,249.55,247.25,247.75,-1.45,-0.5819,"117,590",0
AU0,2015/5/20,246,246.65,243.5,244.25,-3.5,-1.4127,"157,826",0
AU0,2015/5/21,245,246.05,244.6,245.1,0.85,0.348,"95,594",0
AU0,2015/5/22,243.75,244.95,243.3,244.6,-0.5,-0.204,"93,404",0
AU0,2015/5/25,244,244.6,243.05,244.2,-0.4,-0.1635,"96,058",0
AU0,2015/5/26,244,245.3,242.15,242.5,-1.7,-0.6961,"104,142",0
AU0,2015/5/27,240.2,241.6,240.2,241.1,-1.4,-0.5773,"143,194",0
AU0,2015/5/28,240.5,241.5,240.4,241.05,-0.05,-0.0207,"98,436",0
AU0,2015/5/29,240.8,241.5,239,240.8,-0.25,-0.1037,"121,018",0
AU0,2015/6/1,241.45,242,240.5,240.55,-0.25,-0.1038,"103,334",0
AU0,2015/6/2,240.65,243.95,240.3,240.85,0.3,0.1247,"181,356",0
AU0,2015/6/3,241.15,242.15,240.95,241.15,0.3,0.1246,"115,948",0
AU0,2015/6/4,240.85,241.45,238.4,239.2,-1.95,-0.8086,"140,880",0
AU0,2015/6/5,238.7,238.85,237.3,238.35,-0.85,-0.3553,"153,790",0
AU0,2015/6/8,236.25,238.65,235.5,237.7,-0.65,-0.2727,"171,370",0
AU0,2015/6/9,237.35,238.65,237.15,238.6,0.9,0.3786,"88,838",0
AU0,2015/6/10,239,239.8,238.2,239.65,1.05,0.4401,"95,576",0
AU0,2015/6/11,241.1,241.8,239.85,240.1,0.45,0.1878,"90,162",0
AU0,2015/6/12,239.7,240,238.7,239.5,-0.6,-0.2499,"91,472",0
AU0,2015/6/15,238.75,239.85,238.45,239.75,0.25,0.1044,"81,150",0
AU0,2015/6/16,238.85,241.1,238.65,240.55,0.8,0.3337,"116,438",0
AU0,2015/6/17,239.9,240,238.3,238.65,-1.9,-0.7899,"112,048",0
AU0,2015/6/18,238.65,240.8,237.85,240.3,1.65,0.6914,"130,180",0
AU0,2015/6/19,242.95,243.5,242.1,242.55,2.25,0.9363,"134,734",0
AU0,2015/6/23,240.15,240.35,239.6,239.85,-2.7,-1.1132,"35,896",0
AU0,2015/6/24,238.2,238.85,238,238.6,-1.25,-0.5212,"86,736",0
AU0,2015/6/25,238,238.5,237.35,238.25,-0.35,-0.1467,"94,536",0
AU0,2015/6/26,237.7,238.05,237.1,237.35,-0.9,-0.3778,"70,318",0
AU0,2015/6/29,237.15,240.45,236.5,239.25,1.9,0.8005,"102,474",0
AU0,2015/6/30,239.5,239.55,237.7,238.05,-1.2,-0.5016,"108,750",0
AU0,2015/7/1,237.1,238.75,236.25,237.7,-0.35,-0.147,"130,804",0
AU0,2015/7/2,237.05,237.55,235.65,235.9,-1.8,-0.7573,"129,988",0
AU0,2015/7/3,236.2,237,235.6,236.7,0.8,0.3391,"112,654",0
AU0,2015/7/6,236.9,237.5,236.2,236.35,-0.35,-0.1479,"80,562",0
AU0,2015/7/7,236.2,238.15,235.65,236.9,0.55,0.2327,"89,786",0
AU0,2015/7/8,235.45,235.5,226.05,231.7,-5.2,-2.195,"490,996",0
AU0,2015/7/9,232.7,244.25,232.3,235.4,3.7,1.5969,"241,776",0
AU0,2015/7/10,235.85,236.5,234.2,235.2,-0.2,-0.085,"112,944",0
AU0,2015/7/13,235.2,236.15,234.65,235.15,-0.05,-0.0213,"90,552",0
AU0,2015/7/14,233.75,234.65,233,233.3,-1.85,-0.7867,"133,862",0
AU0,2015/7/15,233.8,234.7,233.3,233.5,0.2,0.0857,"81,074",0
AU0,2015/7/16,232.8,232.9,230.65,231.5,-2,-0.8565,"173,142",0
AU0,2015/7/17,230.25,231.75,230.25,231.3,-0.2,-0.0864,"98,002",0
AU0,2015/7/20,230,230.1,220.15,225.65,-5.65,-2.4427,"384,974",0
AU0,2015/7/21,224.6,225,222.3,223.05,-2.6,-1.1522,"264,440",0
AU0,2015/7/22,222.7,224.2,219.55,220.65,-2.4,-1.076,"283,762",0
AU0,2015/7/23,219.9,222.25,219.25,221.1,0.45,0.2039,"278,334",0
AU0,2015/7/24,221,221.8,216.8,219.3,-1.8,-0.8141,"303,596",0
AU0,2015/7/27,219,223.7,218.1,223.7,4.4,2.0064,"318,958",0
AU0,2015/7/28,221.5,223.35,220.7,221.75,-1.95,-0.8717,"208,244",0
AU0,2015/7/29,221.3,222.4,221.2,221.85,0.1,0.0451,"143,350",0
AU0,2015/7/30,221.4,223.1,218.15,219.05,-2.8,-1.2621,"320,076",0
AU0,2015/7/31,219.45,221.35,218.05,218.15,-0.9,-0.4109,"289,880",0
AU0,2015/8/3,219.9,222.95,219.65,221.6,3.45,1.5815,"272,524",0
AU0,2015/8/4,220.1,220.85,217.7,219.3,-2.3,-1.0379,"209,816",0
AU0,2015/8/5,220.05,220.45,218.55,219.15,-0.15,-0.0684,"143,808",0
AU0,2015/8/6,219.55,219.8,218.15,218.7,-0.45,-0.2053,"175,434",0
AU0,2015/8/7,218.7,221.5,218.45,221.2,2.5,1.1431,"218,824",0
AU0,2015/8/10,218.8,222,218.6,221.55,0.35,0.1582,"251,200",0
AU0,2015/8/11,220.95,227.3,220.95,226.3,4.75,2.144,"464,794",0
AU0,2015/8/12,227.9,235.55,227.5,235.45,9.15,4.0433,"503,090",0
AU0,2015/8/13,235.35,236.65,232.95,234.25,-1.2,-0.5097,"416,448",0
AU0,2015/8/14,233.15,233.85,231.15,232.85,-1.4,-0.5976,"228,462",0
AU0,2015/8/17,233,233.65,230,232.85,0,0,"230,864",0
AU0,2015/8/18,233.1,233.45,232.05,232.45,-0.4,-0.1718,"165,702",0
AU0,2015/8/19,232.1,233.75,230.35,233.55,1.1,0.4732,"235,948",0
AU0,2015/8/20,233.4,237.9,233.05,236.95,3.4,1.4558,"323,534",0
AU0,2015/8/21,237.15,243.55,237.15,240.8,3.85,1.6248,"450,916",0
AU0,2015/8/24,240.3,242.5,238.85,240,-0.8,-0.3322,"590,824",0
AU0,2015/8/25,240.4,244.2,238.1,239.5,-0.5,-0.2083,"664,454",0
AU0,2015/8/26,240.05,240.45,235.8,236.8,-2.7,-1.1273,"518,780",0
AU0,2015/8/27,234.8,235.3,232.5,234.75,-2.05,-0.8657,"367,310",0
AU0,2015/8/28,233.6,235.85,233,235.25,0.5,0.213,"391,728",0
AU0,2015/8/31,234.7,237.2,233.7,235.55,0.3,0.1275,"344,230",0
AU0,2015/9/1,234.05,237.1,233.4,236.75,1.2,0.5094,"242,728",0
AU0,2015/9/2,236.65,238.75,235,236.6,-0.15,-0.0634,"248,968",0
AU0,2015/9/7,232.3,233.3,231.6,232.75,-3.85,-1.6272,"79,104",0
AU0,2015/9/8,232.5,232.65,231.4,232.25,-0.5,-0.2148,"131,530",0
AU0,2015/9/9,232.7,233.85,232.5,232.9,0.65,0.2799,"207,002",0
AU0,2015/9/10,232.1,232.1,228.55,229.8,-3.1,-1.331,"281,406",0
AU0,2015/9/11,230.45,230.7,229,229.6,-0.2,-0.087,"238,658",0
AU0,2015/9/14,229.1,229.65,227.55,229.25,-0.35,-0.1524,"232,764",0
AU0,2015/9/15,228.8,230.15,228.3,229.3,0.05,0.0218,"148,064",0
AU0,2015/9/16,229.05,229.55,228.65,229.3,0,0,"116,810",0
AU0,2015/9/17,231.05,233.15,230.5,231.95,2.65,1.1557,"247,974",0
AU0,2015/9/18,231.2,234.6,231.05,233.3,1.35,0.582,"234,892",0
AU0,2015/9/21,235.6,235.95,234.55,235.7,2.4,1.0287,"178,226",0
AU0,2015/9/22,234.7,234.95,234.15,234.45,-1.25,-0.5303,"86,282",0
AU0,2015/9/23,232.95,233.6,232.25,233.6,-0.85,-0.3625,"115,666",0
AU0,2015/9/24,234,235.7,233.95,235.5,1.9,0.8134,"126,276",0
AU0,2015/9/25,235.95,239.35,235.8,237.2,1.7,0.7219,"290,832",0
AU0,2015/9/28,237,237.2,234.65,234.75,-2.45,-1.0329,"68,928",0
AU0,2015/9/29,233.05,234.5,231.7,232.25,-2.5,-1.065,"143,358",0
AU0,2015/9/30,232.7,233.15,230.7,231,-1.25,-0.5382,"113,082",0
AU0,2015/10/8,235.35,235.8,234.6,234.9,3.9,1.6883,"63,344",0
AU0,2015/10/9,234,236.5,233.9,235.05,0.15,0.0639,"137,844",0
AU0,2015/10/12,237.1,238.55,235.65,238.25,3.2,1.3614,"198,656",0
AU0,2015/10/13,238.3,238.4,235.4,236.45,-1.8,-0.7555,"180,082",0
AU0,2015/10/14,237.35,240.6,236.9,240.35,3.9,1.6494,"229,870",0
AU0,2015/10/15,240.2,242.85,239.95,241.65,1.3,0.5409,"232,528",0
AU0,2015/10/16,241,243.1,240.2,242.35,0.7,0.2897,"197,136",0
AU0,2015/10/19,242,242.4,239.6,240.2,-2.15,-0.8872,"219,320",0
AU0,2015/10/20,240.8,241.2,238.75,239.95,-0.25,-0.1041,"183,632",0
AU0,2015/10/21,240.15,241.55,239.55,240.2,0.25,0.1042,"215,012",0
AU0,2015/10/22,240.65,240.8,238.3,239.4,-0.8,-0.3331,"193,706",0
AU0,2015/10/23,238.75,241,238.4,240.9,1.5,0.6266,"197,752",0
AU0,2015/10/26,241.5,241.5,237.8,238.7,-2.2,-0.9132,"210,274",0
AU0,2015/10/27,239,239.9,238.5,239.25,0.55,0.2304,"66,100",0
AU0,2015/10/28,238.45,240.9,238.3,240.45,1.2,0.5016,"164,766",0
AU0,2015/10/29,241.15,242.9,237.15,237.75,-2.7,-1.1229,"301,848",0
AU0,2015/10/30,236.6,237.1,234.45,234.85,-2.9,-1.2198,"195,092",0
AU0,2015/11/2,233.3,233.95,232.25,233.5,-1.35,-0.5748,"139,320",0
AU0,2015/11/3,233.05,233.25,232.1,232.55,-0.95,-0.4069,"93,756",0
AU0,2015/11/4,231.7,231.85,228.2,229.25,-3.3,-1.4191,"144,696",0
AU0,2015/11/5,228.55,229.65,227.2,227.4,-1.85,-0.807,"157,222",0
AU0,2015/11/6,227.2,228.2,226.85,227.8,0.4,0.1759,"111,246",0
AU0,2015/11/9,227.7,228.2,223.3,224.65,-3.15,-1.3828,"196,986",0
AU0,2015/11/10,224.7,225.15,223.65,224.8,0.15,0.0668,"103,676",0
AU0,2015/11/11,226.95,227.7,225.65,227.2,2.4,1.0676,"67,062",0
AU0,2015/11/12,227.05,227.05,226,226.35,-0.85,-0.3741,"46,310",0
AU0,2015/11/13,225.35,226.4,223.6,225.3,-1.05,-0.4639,"121,770",0
AU0,2015/11/16,225.3,228.85,224.85,228.75,3.45,1.5313,"121,480",0
AU0,2015/11/17,227.95,228,223.9,224.5,-4.25,-1.8579,"145,864",0
AU0,2015/11/18,224.5,225.55,221.35,223.1,-1.4,-0.6236,"187,126",0
AU0,2015/11/19,222.85,224.6,222,224.4,1.3,0.5827,"133,616",0
AU0,2015/11/20,223.35,226.3,222.5,225.9,1.5,0.6684,"174,986",0
AU0,2015/11/23,225.65,226.65,222.3,222.95,-2.95,-1.3059,"192,624",0
AU0,2015/11/24,222.9,223.85,221.75,223.1,0.15,0.0673,"180,118",0
AU0,2015/11/25,224,225.75,223.7,224.95,1.85,0.8292,"257,482",0
AU0,2015/11/26,224,224.3,222.6,223.55,-1.4,-0.6224,"218,074",0
AU0,2015/11/27,223.4,223.9,222.2,222.95,-0.6,-0.2684,"139,772",0
AU0,2015/11/30,222.5,222.55,218.8,219.15,-3.8,-1.7044,"342,424",0
AU0,2015/12/1,219.6,224.5,219.4,224.15,5,2.2815,"293,192",0
AU0,2015/12/2,223.45,224.35,222.3,222.9,-1.25,-0.5577,"163,072",0
AU0,2015/12/3,222.7,222.7,218.55,220,-2.9,-1.301,"254,426",0
AU0,2015/12/4,220.55,227.35,220.05,221.95,1.95,0.8864,"287,942",0
AU0,2015/12/7,221.85,228.05,221.5,227.55,5.6,2.5231,"532,342",0
AU0,2015/12/8,227.05,227.35,224.05,225.3,-2.25,-0.9888,"239,974",0
AU0,2015/12/9,224.6,226.75,223.8,226.3,1,0.4439,"220,362",0
AU0,2015/12/10,226.85,228.7,225.15,225.7,-0.6,-0.2651,"324,392",0
AU0,2015/12/11,225.65,226,224.1,225.95,0.25,0.1108,"209,364",0
AU0,2015/12/14,224.45,228.5,224.05,226.95,1,0.4426,"353,682",0
AU0,2015/12/15,225.9,227.8,224.8,224.85,-2.1,-0.9253,"253,672",0
AU0,2015/12/16,225.2,226,224.2,225.25,0.4,0.1779,"186,970",0
AU0,2015/12/17,225.55,227.4,225.05,225.85,0.6,0.2664,"261,370",0
AU0,2015/12/18,225.65,226.25,223,224.2,-1.65,-0.7306,"337,284",0
AU0,2015/12/21,224.6,227.5,223.9,227.25,3.05,1.3604,"275,556",0
AU0,2015/12/22,226.95,229.4,226.55,228.75,1.5,0.6601,"275,796",0
AU0,2015/12/23,228.4,229.3,227.4,227.7,-1.05,-0.459,"179,424",0
AU0,2015/12/24,227.55,228.1,227.05,227.95,0.25,0.1098,"125,158",0
AU0,2015/12/25,227.95,228.65,227.6,228.35,0.4,0.1755,"86,556",0
AU0,2015/12/28,228.35,228.85,227,227.65,-0.7,-0.3066,"64,944",0
AU0,2015/12/29,227.5,228.4,226.9,228.3,0.65,0.2855,"105,574",0
AU0,2015/12/30,227.8,228.9,227.35,228.15,-0.15,-0.0657,"128,336",0
AU0,2015/12/31,227.35,227.8,225.65,226.05,-2.1,-0.9204,"167,370",0
AU0,2016/1/4,226.7,228.5,226.2,228.2,2.15,0.9511,"115,918",0
AU0,2016/1/5,229.05,230.85,228.45,230.3,2.1,0.9202,"262,396",0
AU0,2016/1/6,230.5,231.75,229.05,231.4,1.1,0.4776,"269,668",0
AU0,2016/1/7,233.05,237.4,231.65,236.6,5.2,2.2472,"475,962",0
AU0,2016/1/8,236.7,238.15,235.95,236.8,0.2,0.0845,"378,540",0
AU0,2016/1/11,236.8,238.3,235,237.45,0.65,0.2745,"353,852",0
AU0,2016/1/12,236.6,236.95,233.95,234.6,-2.85,-1.2002,"295,580",0
AU0,2016/1/13,232.85,233.25,232.05,232.25,-2.35,-1.0017,"237,332",0
AU0,2016/1/14,232,234.8,231.35,234.05,1.8,0.775,"316,336",0
AU0,2016/1/15,233.05,233.8,231.2,232.6,-1.45,-0.6195,"263,662",0
AU0,2016/1/18,232.8,234.75,232.75,233.5,0.9,0.3869,"334,226",0
AU0,2016/1/19,233.55,234,232.5,233.2,-0.3,-0.1285,"148,870",0
AU0,2016/1/20,232.5,234.1,232.35,233.8,0.6,0.2573,"178,390",0
AU0,2016/1/21,235.8,237.25,235,236.25,2.45,1.0479,"299,478",0
AU0,2016/1/22,235.5,235.85,234.35,235.2,-1.05,-0.4444,"239,830",0
AU0,2016/1/25,235.1,236.15,234.55,235.8,0.6,0.2551,"199,426",0
AU0,2016/1/26,236.25,239.05,236,238.9,3.1,1.3147,"248,890",0
AU0,2016/1/27,238.3,240.1,237.8,239.35,0.45,0.1884,"238,910",0
AU0,2016/1/28,239.4,240.1,238.65,238.8,-0.55,-0.2298,"201,368",0
AU0,2016/1/29,239.1,239.75,237.8,238.3,-0.5,-0.2094,"232,398",0
AU0,2016/2/1,238.4,240.1,237.5,239.9,1.6,0.6714,"199,550",0
AU0,2016/2/2,240.25,241.35,239.4,240.55,0.65,0.271,"184,274",0
AU0,2016/2/3,240.55,241.85,240.2,241.45,0.9,0.3741,"197,552",0
AU0,2016/2/4,242,244.2,240.8,243.95,2.5,1.0354,"268,622",0
AU0,2016/2/5,244.6,246.25,244.4,245.9,1.95,0.7993,"225,544",0
AU0,2016/2/15,258.5,259.9,255.6,256.15,10.25,4.1684,"190,718",0
AU0,2016/2/16,254.8,255.3,251.5,253.1,-3.05,-1.1907,"309,996",0
AU0,2016/2/17,255.4,255.85,252.15,255.05,1.95,0.7704,"397,254",0
AU0,2016/2/18,255,255.75,253.8,254.85,-0.2,-0.0784,"310,824",0
AU0,2016/2/19,254.5,259.5,254.3,258,3.15,1.236,"369,542",0
AU0,2016/2/22,258.95,259.6,255.9,256.2,-1.8,-0.6977,"468,326",0
AU0,2016/2/23,254.35,257,254.35,256.3,0.1,0.039,"374,288",0
AU0,2016/2/24,256.95,259.25,256.6,258.45,2.15,0.8389,"449,322",0
AU0,2016/2/25,260.25,264.6,259.4,261.5,3.05,1.1801,"797,662",0
AU0,2016/2/26,261.3,262.5,259.15,261.85,0.35,0.1338,"608,646",0
AU0,2016/2/29,261.65,261.7,256.25,259.4,-2.45,-0.9357,"756,284",0
AU0,2016/3/1,260.1,263.65,259,263.05,3.65,1.4071,"552,970",0
AU0,2016/3/2,263,263.9,259.1,259.85,-3.2,-1.2165,"637,386",0
AU0,2016/3/3,260.5,262.55,259.7,262.05,2.2,0.8466,"520,756",0
AU0,2016/3/4,262.7,265.95,261.6,265.6,3.55,1.3547,"627,072",0
AU0,2016/3/7,265.95,268.7,263.25,265.65,0.05,0.0188,"896,440",0
AU0,2016/3/8,267.25,267.8,265.2,266.7,1.05,0.3953,"535,820",0
AU0,2016/3/9,267.65,267.95,263,264.05,-2.65,-0.9936,"513,264",0
AU0,2016/3/10,263.95,264.35,261.1,261.9,-2.15,-0.8142,"530,230",0
AU0,2016/3/11,261,268.85,260.15,265.75,3.85,1.47,"868,980",0
AU0,2016/3/14,265.3,265.9,262.1,262.5,-3.25,-1.223,"544,586",0
AU0,2016/3/15,263,263.75,257.05,257.85,-4.65,-1.7714,"586,332",0
AU0,2016/3/16,259.15,259.55,257.35,259.45,1.6,0.6205,"402,560",0
AU0,2016/3/17,258.75,264.35,257.65,263.3,3.85,1.4839,"500,638",0
AU0,2016/3/18,263.8,264.85,262.55,263.35,0.05,0.019,"403,442",0
AU0,2016/3/21,261.1,262.5,259.15,259.7,-3.65,-1.386,"340,072",0
AU0,2016/3/22,259.6,261.45,259.25,261.4,1.7,0.6546,"263,124",0
AU0,2016/3/23,262.4,262.95,258.15,258.35,-3.05,-1.1668,"331,106",0
AU0,2016/3/24,256.35,256.85,255,255.1,-3.25,-1.258,"380,646",0
AU0,2016/3/25,256.3,256.75,255.65,256.1,1,0.392,"164,146",0
AU0,2016/3/28,255.95,256.65,254,255.05,-1.05,-0.41,"147,416",0
AU0,2016/3/29,255.75,256.6,255.25,255.75,0.7,0.2745,"185,942",0
AU0,2016/3/30,256.15,259.8,255.85,258.6,2.85,1.1144,"378,770",0
AU0,2016/3/31,258,258.1,255.35,256.15,-2.45,-0.9474,"269,920",0
AU0,2016/4/1,257.5,257.8,256.1,257.2,1.05,0.4099,"232,786",0
AU0,2016/4/6,257.5,257.7,256.1,256.75,-0.45,-0.175,"194,794",0
AU0,2016/4/7,255.2,257.1,255,256.45,-0.3,-0.1168,"227,246",0
AU0,2016/4/8,258.4,259.35,257.65,258,1.55,0.6044,"257,602",0
AU0,2016/4/11,257.7,261.15,257.4,260.55,2.55,0.9884,"245,542",0
AU0,2016/4/12,260.95,262,260.4,261.8,1.25,0.4798,"189,268",0
AU0,2016/4/13,262.05,262.65,260,260.4,-1.4,-0.5348,"268,234",0
AU0,2016/4/14,260.5,261.05,257,257.8,-2.6,-0.9985,"273,610",0
AU0,2016/4/15,257.6,258.25,256.05,257.2,-0.6,-0.2327,"236,076",0
AU0,2016/4/18,257.15,258.7,256.2,257.35,0.15,0.0583,"217,164",0
AU0,2016/4/19,258.55,260,256.55,259.85,2.5,0.9714,"239,320",0
AU0,2016/4/20,261,262.5,259.65,260.65,0.8,0.3079,"325,448",0
AU0,2016/4/21,261,264.15,260,264,3.35,1.2853,"350,660",0
AU0,2016/4/22,265.7,266.5,260,260.6,-3.4,-1.2879,"401,306",0
AU0,2016/4/25,260.7,261.3,256.95,258.65,-1.95,-0.7483,"372,910",0
AU0,2016/4/26,258.75,260,258,258.1,-0.55,-0.2126,"172,382",0
AU0,2016/4/27,258.55,261.45,258.25,261.3,3.2,1.2398,"253,034",0
AU0,2016/4/28,261.9,262.75,259.3,262.25,0.95,0.3636,"342,874",0
AU0,2016/4/29,262.15,267.95,261.75,266.45,4.2,1.6015,"347,256",0
AU0,2016/5/3,269.5,271.65,269.1,271.5,5.05,1.8953,"152,216",0
AU0,2016/5/4,273.65,273.65,270.3,270.65,-0.85,-0.3131,"166,064",0
AU0,2016/5/5,271.55,272.7,269.3,270.25,-0.4,-0.1478,"168,280",0
AU0,2016/5/6,271.75,272,267.65,270.75,0.5,0.185,"257,778",0
AU0,2016/5/9,272.8,273.45,269.7,270.05,-0.7,-0.2585,"364,526",0
AU0,2016/5/10,268.75,268.95,266.2,267.6,-2.45,-0.9072,"269,504",0
AU0,2016/5/11,267.25,269.45,265.35,268.9,1.3,0.4858,"252,092",0
AU0,2016/5/12,269.45,270,267.65,268.1,-0.8,-0.2975,"195,620",0
AU0,2016/5/13,268.25,270.7,267.3,270.1,2,0.746,"309,730",0
AU0,2016/5/16,267.9,272.4,267.8,272.05,1.95,0.7219,"297,706",0
AU0,2016/5/17,272.7,273.15,269.2,270.1,-1.95,-0.7168,"278,192",0
AU0,2016/5/18,269.65,271.55,269.5,270.2,0.1,0.037,"236,438",0
AU0,2016/5/19,269.95,271.2,265.9,265.95,-4.25,-1.5729,"362,390",0
AU0,2016/5/20,264.1,266.85,264.1,266.1,0.15,0.0564,"229,012",0
AU0,2016/5/23,266.8,267.45,264.75,265.45,-0.65,-0.2443,"237,010",0
AU0,2016/5/24,264.55,265.75,263.3,263.6,-1.85,-0.6969,"244,742",0
AU0,2016/5/25,262.8,263.6,259.5,259.7,-3.9,-1.4795,"318,086",0
AU0,2016/5/26,259.2,261.75,258.35,260.7,1,0.3851,"236,722",0
AU0,2016/5/27,260.9,261.55,257.15,259.5,-1.2,-0.4603,"282,392",0
AU0,2016/5/30,258.8,258.95,255.15,256.45,-3.05,-1.1753,"298,804",0
AU0,2016/5/31,256.75,259,256.5,258.95,2.5,0.9748,"207,452",0
AU0,2016/6/1,258.2,260.45,258.15,259.35,0.4,0.1545,"224,472",0
AU0,2016/6/2,259.8,259.8,257.3,259.65,0.3,0.1157,"206,500",0
AU0,2016/6/3,259.5,259.5,257.9,258.65,-1,-0.3851,"148,472",0
AU0,2016/6/6,263.25,264.75,262.95,264.4,5.75,2.2231,"298,338",0
AU0,2016/6/7,264.9,265.5,263.9,264.85,0.45,0.1702,"183,862",0
AU0,2016/6/8,264,266.7,263.8,266.55,1.7,0.6419,"161,948",0
AU0,2016/6/13,272,274.4,271.45,274.15,7.6,2.8513,"181,804",0
AU0,2016/6/14,275,275.25,272.75,273.35,-0.8,-0.2918,"210,538",0
AU0,2016/6/15,274.5,275.8,273.8,275.2,1.85,0.6768,"253,134",0
AU0,2016/6/16,274.4,280.4,273.65,279.95,4.75,1.726,"363,092",0
AU0,2016/6/17,279.95,281.15,272.1,273.2,-6.75,-2.4111,"546,056",0
AU0,2016/6/20,274.6,276.35,272.8,273.75,0.55,0.2013,"327,082",0
AU0,2016/6/21,273.65,275.05,272.55,273.2,-0.55,-0.2009,"252,118",0
AU0,2016/6/22,271,271.6,268.8,269.6,-3.6,-1.3177,"275,022",0
AU0,2016/6/23,269.1,271.2,269,269.75,0.15,0.0556,"240,326",0
AU0,2016/6/24,268.4,283.35,268.2,282.25,12.5,4.6339,"997,696",0
AU0,2016/6/27,283.5,285.2,280.35,284.65,2.4,0.8503,"580,666",0
AU0,2016/6/28,285.1,285.65,282.8,283.35,-1.3,-0.4567,"325,764",0
AU0,2016/6/29,282.85,284.8,282.2,284.3,0.95,0.3353,"300,974",0
AU0,2016/6/30,284.5,285.5,282.7,283,-1.3,-0.4573,"287,436",0
AU0,2016/7/1,283.55,288.65,283.1,287.15,4.15,1.4664,"445,956",0
AU0,2016/7/4,288.05,293.7,287.5,292.15,5,1.7413,"558,068",0
AU0,2016/7/5,292.6,292.85,288.6,290.8,-1.35,-0.4621,"344,286",0
AU0,2016/7/6,291.75,297.7,289.75,296.7,5.9,2.0289,"542,390",0
AU0,2016/7/7,296.95,297.4,295.1,295.7,-1,-0.337,"341,338",0
AU0,2016/7/8,294.6,294.6,291.75,292.8,-2.9,-0.9807,"337,310",0
AU0,2016/7/11,291.05,297,290.9,295,2.2,0.7514,"434,348",0
AU0,2016/7/12,293,294.75,292.55,293.6,-1.4,-0.4746,"252,080",0
AU0,2016/7/13,291.8,292.35,287.65,290.8,-2.8,-0.9537,"450,672",0
AU0,2016/7/14,290.55,291.85,288.55,288.85,-1.95,-0.6706,"304,580",0
AU0,2016/7/15,286.3,289.2,285.75,288.95,0.1,0.0346,"277,810",0
AU0,2016/7/18,288.25,289.2,286.75,288.15,-0.8,-0.2769,"303,768",0
AU0,2016/7/19,288.4,290.25,287.65,288.7,0.55,0.1909,"239,612",0
AU0,2016/7/20,288.8,289.7,287.5,287.55,-1.15,-0.3983,"219,452",0
AU0,2016/7/21,284.85,285.6,283.5,284.6,-2.95,-1.0259,"263,726",0
AU0,2016/7/22,284.9,288,284.15,286.3,1.7,0.5973,"284,348",0
AU0,2016/7/25,286.2,286.5,284.05,284.8,-1.5,-0.5239,"194,602",0
AU0,2016/7/26,284.7,286.25,283.65,285.2,0.4,0.1405,"197,578",0
AU0,2016/7/27,285.5,285.95,284.3,285,-0.2,-0.0701,"170,012",0
AU0,2016/7/28,285.6,289.8,285.6,289.25,4.25,1.4912,"282,092",0
AU0,2016/7/29,289.8,289.8,287.15,287.45,-1.8,-0.6223,"218,240",0
AU0,2016/8/1,290,290.7,287.9,289.65,2.2,0.7653,"263,120",0
AU0,2016/8/2,289.95,291.4,289.65,291.15,1.5,0.5179,"186,350",0
AU0,2016/8/3,292.7,293.35,292.1,292.6,1.45,0.498,"182,442",0
AU0,2016/8/4,292.55,292.55,289.65,289.75,-2.85,-0.974,"229,126",0
AU0,2016/8/5,292.65,293.55,291.8,293.3,3.55,1.2252,"189,834",0
AU0,2016/8/8,290,290.1,286.9,287.05,-6.25,-2.1309,"260,816",0
AU0,2016/8/9,287.65,288.2,286.7,286.8,-0.25,-0.0871,"133,298",0
AU0,2016/8/10,287.15,291.4,287,290.9,4.1,1.4296,"208,638",0
AU0,2016/8/11,291.15,291.25,287.9,288.5,-2.4,-0.825,"218,884",0
AU0,2016/8/12,289.25,290.6,287,288.25,-0.25,-0.0867,"207,452",0
AU0,2016/8/15,290.7,291.05,283.8,287.7,-0.55,-0.1908,"276,634",0
AU0,2016/8/16,287.2,289.6,287.05,289,1.3,0.4519,"168,358",0
AU0,2016/8/17,288.85,289.35,287.3,287.6,-1.4,-0.4844,"220,036",0
AU0,2016/8/18,288.15,290.25,286.15,289.3,1.7,0.5911,"202,202",0
AU0,2016/8/19,289.3,289.9,288.45,289.3,0,0,"159,760",0
AU0,2016/8/22,287.3,289.5,286.3,286.7,-2.6,-0.8987,"230,778",0
AU0,2016/8/23,287.35,287.65,286.8,287.25,0.55,0.1918,"105,430",0
AU0,2016/8/24,288.15,288.45,287,287.4,0.15,0.0522,"134,914",0
AU0,2016/8/25,286.65,286.65,284.3,284.75,-2.65,-0.9221,"192,890",0
AU0,2016/8/26,283.75,285.15,283.15,284.8,0.05,0.0176,"118,746",0
AU0,2016/8/29,286.3,288.8,283.2,283.9,-0.9,-0.316,"418,364",0
AU0,2016/8/30,284.5,285.65,284.35,284.65,0.75,0.2642,"143,950",0
AU0,2016/8/31,284.25,284.75,282.8,283.4,-1.25,-0.4391,"197,694",0
AU0,2016/9/1,282.4,283.6,282.15,282.75,-0.65,-0.2294,"166,752",0
AU0,2016/9/2,282.1,284.05,282,283.15,0.4,0.1415,"214,742",0
AU0,2016/9/5,285.85,287,284.85,286.65,3.5,1.2361,"227,614",0
AU0,2016/9/6,286.75,287,286.4,286.95,0.3,0.1047,"77,624",0
AU0,2016/9/7,288.25,291.7,288.05,290.85,3.9,1.3591,"237,860",0
AU0,2016/9/8,290.95,291,289.15,290.45,-0.4,-0.1375,"131,246",0
AU0,2016/9/9,290,290.15,288.45,288.65,-1.8,-0.6197,"179,550",0
AU0,2016/9/12,288.6,289.2,286.6,287.5,-1.15,-0.3984,"183,842",0
AU0,2016/9/13,286.65,288.1,285.85,287.45,-0.05,-0.0174,"190,612",0
AU0,2016/9/14,286.5,287.1,284.8,286,-1.45,-0.5044,"173,902",0
AU0,2016/9/19,283.55,284.85,283.05,284.55,-1.45,-0.507,"84,438",0
AU0,2016/9/20,284.1,284.9,284.1,284.85,0.3,0.1054,"103,348",0
AU0,2016/9/21,284.55,285.75,283.65,285.35,0.5,0.1755,"152,780",0
AU0,2016/9/22,287,288.25,284.85,287.7,2.35,0.8236,"208,376",0
AU0,2016/9/23,288.3,289.7,287.8,288.15,0.45,0.1564,"169,772",0
AU0,2016/9/26,288.7,288.9,287.5,288.1,-0.05,-0.0173,"126,784",0
AU0,2016/9/27,288.65,289.3,287.6,287.7,-0.4,-0.1388,"135,572",0
AU0,2016/9/28,287.45,287.5,285.3,285.45,-2.25,-0.7821,"173,412",0
AU0,2016/9/29,285.6,285.95,284.4,284.75,-0.7,-0.2452,"133,208",0
AU0,2016/9/30,283.9,285.55,283.9,285.3,0.55,0.1931,"125,074",0
AU0,2016/10/10,273.6,274.2,272.35,274,-11.3,-3.9607,"151,026",0
AU0,2016/10/11,273.3,274.1,273.05,273.9,-0.1,-0.0365,"180,290",0
AU0,2016/10/12,273.05,274.05,272.95,273.3,-0.6,-0.2191,"142,370",0
AU0,2016/10/13,273.05,274.7,272.5,274.2,0.9,0.3293,"211,380",0
AU0,2016/10/14,273.75,274.9,273.25,273.45,-0.75,-0.2735,"156,426",0
AU0,2016/10/17,272.8,274.25,272.6,273.7,0.25,0.0914,"194,610",0
AU0,2016/10/18,273.65,275.4,273.45,275.2,1.5,0.548,"150,702",0
AU0,2016/10/19,275.05,275.75,274.15,275.2,0,0,"136,832",0
AU0,2016/10/20,276.8,277.7,276.5,277.25,2.05,0.7449,"156,082",0
AU0,2016/10/21,277.25,277.95,275.7,276.3,-0.95,-0.3427,"165,012",0
AU0,2016/10/24,277.1,277.4,276.5,277.05,0.75,0.2714,"130,816",0
AU0,2016/10/25,278.25,278.8,276.6,277.9,0.85,0.3068,"170,374",0
AU0,2016/10/26,278.15,279.9,277.9,279.2,1.3,0.4678,"186,498",0
AU0,2016/10/27,278.6,279.1,277.4,278.25,-0.95,-0.3403,"154,518",0
AU0,2016/10/28,279.1,279.45,277.95,278.5,0.25,0.0898,"146,162",0
AU0,2016/10/31,277.45,281.35,277.45,279.65,1.15,0.4129,"231,556",0
AU0,2016/11/1,279.2,280.75,278.75,280.25,0.6,0.2146,"122,000",0
AU0,2016/11/2,281.55,283.1,281.35,282.95,2.7,0.9634,"142,370",0
AU0,2016/11/3,283.4,285,283,283.75,0.8,0.2827,"153,342",0
AU0,2016/11/4,282.4,284.55,282.1,282.4,-1.35,-0.4758,"135,836",0
AU0,2016/11/7,284.05,284.75,281.6,281.85,-0.55,-0.1948,"134,896",0
AU0,2016/11/8,281.75,281.8,279.65,281.2,-0.65,-0.2306,"98,046",0
AU0,2016/11/9,283.3,293,281.75,291.65,10.45,3.7162,"270,780",0
AU0,2016/11/10,288,289.6,283.3,286.15,-5.5,-1.8858,"217,030",0
AU0,2016/11/11,285.05,286,279.25,281.75,-4.4,-1.5377,"248,716",0
AU0,2016/11/14,280.9,282,269.8,272.95,-8.8,-3.1233,"360,232",0
AU0,2016/11/15,273.95,276.45,272.8,275.95,3,1.0991,"245,686",0
AU0,2016/11/16,275.85,277.65,275,277.05,1.1,0.3986,"180,050",0
AU0,2016/11/17,276.55,277.5,276.25,276.5,-0.55,-0.1985,"136,938",0
AU0,2016/11/18,277,277.15,273.05,273.45,-3.05,-1.1031,"216,120",0
AU0,2016/11/21,273.85,275.6,273,275.55,2.1,0.768,"189,682",0
AU0,2016/11/22,275.6,276.95,274.5,276.25,0.7,0.254,"179,428",0
AU0,2016/11/23,276.2,276.95,275.05,276.6,0.35,0.1267,"177,860",0
AU0,2016/11/24,276,276,272.7,273.7,-2.9,-1.0484,"340,644",0
AU0,2016/11/25,273.4,273.65,268.45,271.4,-2.3,-0.8403,"253,516",0
AU0,2016/11/28,272.5,275.3,271.25,273.8,2.4,0.8843,"256,832",0
AU0,2016/11/29,273.6,274.55,272.4,272.75,-1.05,-0.3835,"204,490",0
AU0,2016/11/30,271.5,272.3,270.55,271.05,-1.7,-0.6233,"200,036",0
AU0,2016/12/1,270.15,270.9,266.6,269.25,-1.8,-0.6641,"318,392",0
AU0,2016/12/2,267.95,269.4,266.6,268.85,-0.4,-0.1486,"206,838",0
AU0,2016/12/5,268.1,270.9,267.05,268.75,-0.1,-0.0372,"289,230",0
AU0,2016/12/6,268.3,269.5,267.1,268.15,-0.6,-0.2233,"234,960",0
AU0,2016/12/7,268.6,268.65,267.45,267.7,-0.45,-0.1678,"170,588",0
AU0,2016/12/8,268.6,270.95,268.35,269.75,2.05,0.7658,"244,680",0
AU0,2016/12/9,269.35,270.2,268.3,269.5,-0.25,-0.0927,"177,508",0
AU0,2016/12/12,268.35,269.35,267.2,267.95,-1.55,-0.5751,"203,912",0
AU0,2016/12/13,267.7,269.35,267.25,268.2,0.25,0.0933,"173,102",0
AU0,2016/12/14,268.15,269.9,267.65,269.65,1.45,0.5406,"247,566",0
AU0,2016/12/15,269.6,270.6,264.8,266.95,-2.7,-1.0013,"312,470",0
AU0,2016/12/16,265,265.85,264.3,265.35,-1.6,-0.5994,"235,872",0
AU0,2016/12/19,265.45,266.95,265.1,266.6,1.25,0.4711,"172,448",0
AU0,2016/12/20,266.45,266.9,264.55,265.25,-1.35,-0.5064,"157,024",0
AU0,2016/12/21,263.8,265.45,262.1,264.85,-0.4,-0.1508,"208,540",0
AU0,2016/12/22,264.45,264.85,262.8,263.3,-1.55,-0.5852,"119,052",0
AU0,2016/12/23,262.8,264.3,262.45,263.55,0.25,0.0949,"155,500",0
AU0,2016/12/26,263.75,265.1,263.3,264.75,1.2,0.4553,"127,840",0
AU0,2016/12/27,264.85,266.1,264.4,266.1,1.35,0.5099,"132,016",0
AU0,2016/12/28,266.15,267.85,265.35,267.3,1.2,0.451,"172,420",0
AU0,2016/12/29,266.5,269.15,266,268.75,1.45,0.5425,"217,154",0
AU0,2016/12/30,268.05,272.15,268,271.35,2.6,0.9674,"257,682",0
AU0,2017/1/3,269.7,271.15,269.45,269.75,-1.6,-0.5896,"134,748",0
AU0,2017/1/4,268.5,271.25,268.35,270.4,0.65,0.241,"237,240",0
AU0,2017/1/5,270.3,270.6,268.15,269.5,-0.9,-0.3328,"281,262",0
AU0,2017/1/6,269,269.85,268.7,268.85,-0.65,-0.2412,"231,806",0
AU0,2017/1/9,268.65,270.4,268.65,269.75,0.9,0.3348,"175,304",0
AU0,2017/1/10,270.35,272.1,270.2,271.5,1.75,0.6487,"201,672",0
AU0,2017/1/11,271.25,272.4,270.9,271.85,0.35,0.1289,"183,268","49,791,910,000"
AU0,2017/1/12,271.7,272.55,268.65,272.25,0.4,0.1471,"342,304","92,666,208,000"
AU0,2017/1/13,272.3,272.5,270.5,271.25,-1,-0.3673,"185,390","50,312,061,000"
AU0,2017/1/16,271.6,273.45,270.45,272.95,1.7,0.6267,"215,196","58,473,136,000"
AU0,2017/1/17,272.5,274.9,272.25,274.6,1.65,0.6045,"158,070","43,242,635,000"
AU0,2017/1/18,274.1,274.95,272.45,273.5,-1.1,-0.4006,"194,254","53,250,773,000"
AU0,2017/1/19,273.15,273.6,270.2,270.7,-2.8,-1.0238,"176,830","48,046,162,000"
AU0,2017/1/20,271.2,271.75,270.1,271.4,0.7,0.2586,"159,596","43,200,000,000"
AU0,2017/1/23,270.85,273.7,270.55,272.75,1.35,0.4974,"175,522","47,772,205,000"
AU0,2017/1/24,272.7,273.3,272.1,272.35,-0.4,-0.1467,"119,818","32,674,590,700"
AU0,2017/1/25,272.15,272.8,267.85,269.6,-2.75,-1.0097,"149,430","40,483,328,000"
AU0,2017/1/26,269.6,270.05,266.65,267.6,-2,-0.7418,"142,822","38,276,112,000"
AU0,2017/2/3,270.1,271.95,270.1,271.6,4,1.4948,"82,082","22,272,589,800"
AU0,2017/2/6,271.3,274.4,270.25,274.3,2.7,0.9941,"190,770","52,025,061,000"
AU0,2017/2/7,275.15,276.7,274.6,276.5,2.2,0.802,"160,366","44,195,377,000"
AU0,2017/2/8,276.35,277.25,275.85,276.75,0.25,0.0904,"142,374","39,394,296,000"
AU0,2017/2/9,278.7,279.2,278.05,278.2,1.45,0.5239,"148,408","41,329,922,000"
AU0,2017/2/10,278.1,278.85,274.6,275.25,-2.95,-1.0604,"220,922","61,114,737,000"
AU0,2017/2/13,275.6,277.3,275.3,276.4,1.15,0.4178,"197,398","54,546,694,000"
AU0,2017/2/14,276,276.2,274.05,276,-0.4,-0.1447,"163,040","44,880,228,000"
AU0,2017/2/15,276.6,276.7,274,274.95,-1.05,-0.3804,"188,556","51,906,904,000"
AU0,2017/2/16,275,277.15,273.5,276.35,1.4,0.5092,"224,336","61,785,764,000"
AU0,2017/2/17,277.25,277.9,276.8,277.45,1.1,0.398,"155,914","43,243,332,000"
AU0,2017/2/20,278.2,278.6,276.2,276.85,-0.6,-0.2163,"148,746","41,257,783,000"
AU0,2017/2/21,277.15,277.65,276.6,277.5,0.65,0.2348,"99,214","27,497,275,400"
AU0,2017/2/22,276.5,278.15,275.75,277.2,-0.3,-0.1081,"159,914","44,306,305,000"
AU0,2017/2/23,277.65,278.15,276.5,277.75,0.55,0.1984,"153,238","42,514,371,000"
AU0,2017/2/24,278.8,281.7,278.4,281.15,3.4,1.2241,"273,622","76,621,111,000"
AU0,2017/2/27,282.2,282.45,280.55,282.15,1,0.3557,"180,334","50,812,146,000"
AU0,2017/2/28,281.85,283.35,280.95,281.2,-0.95,-0.3367,"160,636","45,278,097,000"
AU0,2017/3/1,281.15,281.95,278.65,279.15,-2.05,-0.729,"209,236","58,627,305,000"
AU0,2017/3/2,279.1,280.4,278.15,279.45,0.3,0.1075,"170,848","47,709,741,000"
AU0,2017/3/3,278.9,279.25,276.9,277.4,-2.05,-0.7336,"238,202","66,220,757,000"
AU0,2017/3/6,276.9,278.55,276.5,277.45,0.05,0.018,"182,046","50,489,102,000"
AU0,2017/3/7,277.45,277.9,276.1,276.4,-1.05,-0.3785,"137,414","38,047,269,000"
AU0,2017/3/8,276,276,274.5,274.55,-1.85,-0.6693,"174,404","47,971,627,000"
AU0,2017/3/9,273.95,274.7,272.6,273.25,-1.3,-0.4735,"213,736","58,489,573,000"
AU0,2017/3/10,273.4,273.85,271,271.05,-2.2,-0.8051,"200,774","54,689,473,000"
AU0,2017/3/13,271.15,273.65,270.75,273.65,2.6,0.9592,"247,398","67,356,946,000"
AU0,2017/3/14,272.5,273.1,272.2,272.35,-1.3,-0.4751,"129,460","35,300,565,000"
AU0,2017/3/15,272.55,273.25,271.6,272.5,0.15,0.0551,"150,980","41,145,139,000"
AU0,2017/3/16,271.8,277.3,271.6,277.15,4.65,1.7064,"261,416","71,882,097,000"
AU0,2017/3/17,278.15,278.25,276.5,277.05,-0.1,-0.0361,"137,970","38,226,121,000"
AU0,2017/3/20,277.4,278.55,276.95,278.45,1.4,0.5053,"138,722","38,543,143,000"
AU0,2017/3/21,278.25,278.75,276.65,277.35,-1.1,-0.395,"167,944","46,624,068,000"
AU0,2017/3/22,277.65,280.35,277.5,279.8,2.45,0.8834,"244,648","68,319,891,000"
AU0,2017/3/23,279.75,280.2,278.9,279.75,-0.05,-0.0179,"164,432","45,962,961,000"
AU0,2017/3/24,280.45,280.7,278.45,278.95,-0.8,-0.286,"184,200","51,451,085,000"
AU0,2017/3/27,279.2,282.25,278.75,282,3.05,1.0934,"162,888","45,712,097,000"
AU0,2017/3/28,282.05,282.35,280.95,281.2,-0.8,-0.2837,"148,832","41,899,086,000"
AU0,2017/3/29,282.05,282.15,280.05,280.6,-0.6,-0.2134,"159,592","44,865,208,000"
AU0,2017/3/30,280.95,281.2,280.1,280.6,0,0,"126,756","35,575,992,000"
AU0,2017/3/31,280.35,280.35,278.2,278.6,-2,-0.7128,"178,510","49,859,981,000"
AU0,2017/4/5,281.2,281.75,280.75,281.25,2.65,0.9512,"74,992","21,081,149,400"
AU0,2017/4/6,280.2,281.7,279.2,281.25,0,0,"198,064","55,552,295,000"
AU0,2017/4/7,281.05,285.45,280.4,283.5,2.25,0.8,"294,194","83,278,407,500"
AU0,2017/4/10,284.45,285.05,281.15,282.2,-1.3,-0.4585,"254,310","71,981,359,300"
AU0,2017/4/11,281.25,282.95,280.9,282.75,0.55,0.1949,"169,940","47,920,697,900"
AU0,2017/4/12,283.4,287.1,283.25,285.85,3.1,1.0964,"316,430","90,249,864,700"
AU0,2017/4/13,286.1,288,285.1,287.15,1.3,0.4548,"242,774","69,583,632,500"
AU0,2017/4/14,287.55,288.05,286.75,287.7,0.55,0.1915,"152,170","43,760,947,000"
AU0,2017/4/17,288.05,290.05,286.95,287.2,-0.5,-0.1738,"196,830","56,723,659,800"
AU0,2017/4/18,286.9,287.9,285.8,286.45,-0.75,-0.2611,"194,112","55,670,836,800"
AU0,2017/4/19,286.6,287.7,285.2,286.3,-0.15,-0.0524,"250,222","71,706,612,300"
AU0,2017/4/20,286.55,286.75,284.75,286.1,-0.2,-0.0699,"216,358","61,855,730,500"
AU0,2017/4/21,285.95,286.35,285.25,285.9,-0.2,-0.0699,"170,642","48,776,128,000"
AU0,2017/4/24,286.35,287.95,283.5,283.9,-2,-0.6995,"310,052","88,625,408,100"
AU0,2017/4/25,283.35,284.4,282.95,283.9,0,0,"166,292","47,188,413,800"
AU0,2017/4/26,282.75,283.55,282.15,282.45,-1.45,-0.5107,"183,112","51,768,864,700"
AU0,2017/4/27,282.55,283.55,282.05,282.85,0.4,0.1416,"154,594","43,723,718,600"
AU0,2017/4/28,283.1,283.25,282.3,283.2,0.35,0.1237,"129,946","36,753,026,400"
AU0,2017/5/2,281.2,281.45,280.5,280.75,-2.45,-0.8651,"88,702","24,920,369,900"
AU0,2017/5/3,283.05,283.7,282.85,283.3,2.55,0.9083,"30,714","8,702,771,400"
AU0,2017/5/4,283,283.25,278.7,279.65,-3.65,-1.2884,"92,606","26,030,455,900"
AU0,2017/5/5,278.05,280,277.4,278.8,-0.85,-0.304,"102,698","28,585,516,000"
AU0,2017/5/6,,279.35,278.05,,,,,
AU0,2017/5/7,,279.4,277.5,,,,,
AU0,2017/5/8,,277.4,275.65,,,,,
AU0,2017/5/9,,277.55,276.3,,,,,
AU0,2017/5/10,,278.5,276.95,,,,,
